id,title,category,price_inr,price_usd,original_price_usd,sizes,materials,description
"stoffa_6914364276895","Bridal Border High Wedge - Rose Gold","High wedges - 3.5 inch",4000,80,100,"Light Gold / 36 / Vegan Leather; Light Gold / 37 / Vegan Leather; Light Gold / 38 / Vegan Leather; Light Gold / 39 / Vegan Leather; Light Gold / 40 / Vegan Leather; Light Gold / 41 / Vegan Leather; Rose Gold / 36 / Vegan Leather; Rose Gold / 37 / Vegan Leather; Rose Gold / 38 / Vegan Leather; Rose Gold / 39 / Vegan Leather; Rose Gold / 40 / Vegan Leather; Rose Gold / 41 / Vegan Leather","Handcrafted vegan leather upper, metallic cord braiding, signature dual-density memory foam footbed, anti-slip rubber sole.","Step out in style in our traditional and elegant 3.5"" bridal wedges. Keeping in mind the colour palette of classic bridal wear, these wedges come in Light Gold and Rose Gold. Extra care taken to provide extra comfort."
"stoffa_7533698777247","Classic High K Wedge Gold","High wedges - 3.5 inch",4300,86,108,"Gold / 36 / Vegan Leather; Gold / 37 / Vegan Leather; Gold / 38 / Vegan Leather; Gold / 39 / Vegan Leather; Gold / 40 / Vegan Leather; Gold / 41 / Vegan Leather; Silver / 36 / Vegan Leather; Silver / 37 / Vegan Leather; Silver / 38 / Vegan Leather; Silver / 39 / Vegan Leather; Silver / 40 / Vegan Leather; Silver / 41 / Vegan Leather; Champagne / 36 / Vegan Leather; Champagne / 37 / Vegan Leather; Champagne / 38 / Vegan Leather; Champagne / 39 / Vegan Leather; Champagne / 40 / Vegan Leather; Champagne / 41 / Vegan Leather; Pewter / 36 / Vegan Leather; Pewter / 37 / Vegan Leather; Pewter / 38 / Vegan Leather; Pewter / 39 / Vegan Leather; Pewter / 40 / Vegan Leather; Pewter / 41 / Vegan Leather; Rose Gold / 36 / Vegan Leather; Rose Gold / 37 / Vegan Leather; Rose Gold / 38 / Vegan Leather; Rose Gold / 39 / Vegan Leather; Rose Gold / 40 / Vegan Leather; Rose Gold / 41 / Vegan Leather; Camel / 36 / Vegan Leather; Camel / 37 / Vegan Leather; Camel / 38 / Vegan Leather; Camel / 39 / Vegan Leather; Camel / 40 / Vegan Leather; Camel / 41 / Vegan Leather; Taupe / 36 / Vegan Leather; Taupe / 37 / Vegan Leather; Taupe / 38 / Vegan Leather; Taupe / 39 / Vegan Leather; Taupe / 40 / Vegan Leather; Taupe / 41 / Vegan Leather; Antique gold / 36 / Vegan Leather; Antique gold / 37 / Vegan Leather; Antique gold / 38 / Vegan Leather; Antique gold / 39 / Vegan Leather; Antique gold / 40 / Vegan Leather; Antique gold / 41 / Vegan Leather; Black / 36 / Vegan Leather; Black / 37 / Vegan Leather; Black / 38 / Vegan Leather; Black / 39 / Vegan Leather; Black / 40 / Vegan Leather; Black / 41 / Vegan Leather; Maroon / 36 / Vegan Leather; Maroon / 37 / Vegan Leather; Maroon / 38 / Vegan Leather; Maroon / 39 / Vegan Leather; Maroon / 40 / Vegan Leather; Maroon / 41 / Vegan Leather","Handcrafted vegan leather upper, metallic cord braiding, signature dual-density memory foam footbed, anti-slip rubber sole.","Our signature hand crafted 3.5 inch high kolhapuri inspired wedge. Metallic shades intermingle to create a classic and versatile pair suitable for any occasion. Comfortable and light weight, this pair comes with a rubber non skid sole. This style is also available in 4.5 inches, 2 1/4 inches, and as flats. Size Chart"
"stoffa_7534162935967","Classic High K Wedge Champagne","High wedges - 3.5 inch",4300,86,108,"Champagne / 36 / Vegan Leather; Champagne / 37 / Vegan Leather; Champagne / 38 / Vegan Leather; Champagne / 39 / Vegan Leather; Champagne / 40 / Vegan Leather; Champagne / 41 / Vegan Leather; Silver / 36 / Vegan Leather; Silver / 37 / Vegan Leather; Silver / 38 / Vegan Leather; Silver / 39 / Vegan Leather; Silver / 40 / Vegan Leather; Silver / 41 / Vegan Leather; Gold / 36 / Vegan Leather; Gold / 37 / Vegan Leather; Gold / 38 / Vegan Leather; Gold / 39 / Vegan Leather; Gold / 40 / Vegan Leather; Gold / 41 / Vegan Leather; Pewter / 36 / Vegan Leather; Pewter / 37 / Vegan Leather; Pewter / 38 / Vegan Leather; Pewter / 39 / Vegan Leather; Pewter / 40 / Vegan Leather; Pewter / 41 / Vegan Leather; Rose Gold / 36 / Vegan Leather; Rose Gold / 37 / Vegan Leather; Rose Gold / 38 / Vegan Leather; Rose Gold / 39 / Vegan Leather; Rose Gold / 40 / Vegan Leather; Rose Gold / 41 / Vegan Leather; Camel / 36 / Vegan Leather; Camel / 37 / Vegan Leather; Camel / 38 / Vegan Leather; Camel / 39 / Vegan Leather; Camel / 40 / Vegan Leather; Camel / 41 / Vegan Leather; Taupe / 36 / Vegan Leather; Taupe / 37 / Vegan Leather; Taupe / 38 / Vegan Leather; Taupe / 39 / Vegan Leather; Taupe / 40 / Vegan Leather; Taupe / 41 / Vegan Leather; Antique gold / 36 / Vegan Leather; Antique gold / 37 / Vegan Leather; Antique gold / 38 / Vegan Leather; Antique gold / 39 / Vegan Leather; Antique gold / 40 / Vegan Leather; Antique gold / 41 / Vegan Leather; Black / 36 / Vegan Leather; Black / 37 / Vegan Leather; Black / 38 / Vegan Leather; Black / 39 / Vegan Leather; Black / 40 / Vegan Leather; Black / 41 / Vegan Leather; Maroon / 36 / Vegan Leather; Maroon / 37 / Vegan Leather; Maroon / 38 / Vegan Leather; Maroon / 39 / Vegan Leather; Maroon / 40 / Vegan Leather; Maroon / 41 / Vegan Leather","Handcrafted vegan leather upper, metallic cord braiding, signature dual-density memory foam footbed, anti-slip rubber sole.","Our signature hand crafted 3.5 inch high kolhapuri inspired wedge. Metallic shades intermingle to create a classic and versatile pair suitable for any occasion. Comfortable and light weight, this pair comes with a rubber non skid sole. This style is also available in 4.5 inches, 2 1/4 inches, and as flats. Size Chart"
"stoffa_7534164181151","Classic High K Wedge Slate","High wedges - 3.5 inch",4300,86,108,"Slate / 36 / Vegan Leather; Slate / 37 / Vegan Leather; Slate / 38 / Vegan Leather; Slate / 39 / Vegan Leather; Slate / 40 / Vegan Leather; Slate / 41 / Vegan Leather; Taupe / 36 / Vegan Leather; Taupe / 37 / Vegan Leather; Taupe / 38 / Vegan Leather; Taupe / 39 / Vegan Leather; Taupe / 40 / Vegan Leather; Taupe / 41 / Vegan Leather; Navy / 36 / Vegan Leather; Navy / 37 / Vegan Leather; Navy / 38 / Vegan Leather; Navy / 39 / Vegan Leather; Navy / 40 / Vegan Leather; Navy / 41 / Vegan Leather; Rose Antique / 36 / Vegan Leather; Rose Antique / 37 / Vegan Leather; Rose Antique / 38 / Vegan Leather; Rose Antique / 39 / Vegan Leather; Rose Antique / 40 / Vegan Leather; Rose Antique / 41 / Vegan Leather; Chocolate / 36 / Vegan Leather; Chocolate / 37 / Vegan Leather; Chocolate / 38 / Vegan Leather; Chocolate / 39 / Vegan Leather; Chocolate / 40 / Vegan Leather; Chocolate / 41 / Vegan Leather; Black / 36 / Vegan Leather; Black / 37 / Vegan Leather; Black / 38 / Vegan Leather; Black / 39 / Vegan Leather; Black / 40 / Vegan Leather; Black / 41 / Vegan Leather; Ink / 36 / Vegan Leather; Ink / 37 / Vegan Leather; Ink / 38 / Vegan Leather; Ink / 39 / Vegan Leather; Ink / 40 / Vegan Leather; Ink / 41 / Vegan Leather; Maroon / 36 / Vegan Leather; Maroon / 37 / Vegan Leather; Maroon / 38 / Vegan Leather; Maroon / 39 / Vegan Leather; Maroon / 40 / Vegan Leather; Maroon / 41 / Vegan Leather; Dark Grey / 36 / Vegan Leather; Dark Grey / 37 / Vegan Leather; Dark Grey / 38 / Vegan Leather; Dark Grey / 39 / Vegan Leather; Dark Grey / 40 / Vegan Leather; Dark Grey / 41 / Vegan Leather","Handcrafted vegan leather upper, metallic cord braiding, signature dual-density memory foam footbed, anti-slip rubber sole.","Our signature hand crafted 3.5 inch high¬†kolhapuri inspired wedge. In a range of subtle and elegant matte shades, it is a perfect match for any attire. Comfortable and light weight, this pair comes with a rubber non skid sole. comes with a rubber non skid sole and as a flat. Size Chart"
"stoffa_7534773993631","Classic High K Wedge Rose Gold","High wedges - 3.5 inch",4300,86,108,"Rose Gold / 36 / Vegan Leather; Rose Gold / 37 / Vegan Leather; Rose Gold / 38 / Vegan Leather; Rose Gold / 39 / Vegan Leather; Rose Gold / 40 / Vegan Leather; Rose Gold / 41 / Vegan Leather; Silver / 36 / Vegan Leather; Silver / 37 / Vegan Leather; Silver / 38 / Vegan Leather; Silver / 39 / Vegan Leather; Silver / 40 / Vegan Leather; Silver / 41 / Vegan Leather; Gold / 36 / Vegan Leather; Gold / 37 / Vegan Leather; Gold / 38 / Vegan Leather; Gold / 39 / Vegan Leather; Gold / 40 / Vegan Leather; Gold / 41 / Vegan Leather; Champagne / 36 / Vegan Leather; Champagne / 37 / Vegan Leather; Champagne / 38 / Vegan Leather; Champagne / 39 / Vegan Leather; Champagne / 40 / Vegan Leather; Champagne / 41 / Vegan Leather; Pewter / 36 / Vegan Leather; Pewter / 37 / Vegan Leather; Pewter / 38 / Vegan Leather; Pewter / 39 / Vegan Leather; Pewter / 40 / Vegan Leather; Pewter / 41 / Vegan Leather; Camel / 36 / Vegan Leather; Camel / 37 / Vegan Leather; Camel / 38 / Vegan Leather; Camel / 39 / Vegan Leather; Camel / 40 / Vegan Leather; Camel / 41 / Vegan Leather; Taupe / 36 / Vegan Leather; Taupe / 37 / Vegan Leather; Taupe / 38 / Vegan Leather; Taupe / 39 / Vegan Leather; Taupe / 40 / Vegan Leather; Taupe / 41 / Vegan Leather; Antique gold / 36 / Vegan Leather; Antique gold / 37 / Vegan Leather; Antique gold / 38 / Vegan Leather; Antique gold / 39 / Vegan Leather; Antique gold / 40 / Vegan Leather; Antique gold / 41 / Vegan Leather; Black / 36 / Vegan Leather; Black / 37 / Vegan Leather; Black / 38 / Vegan Leather; Black / 39 / Vegan Leather; Black / 40 / Vegan Leather; Black / 41 / Vegan Leather; Maroon / 36 / Vegan Leather; Maroon / 37 / Vegan Leather; Maroon / 38 / Vegan Leather; Maroon / 39 / Vegan Leather; Maroon / 40 / Vegan Leather; Maroon / 41 / Vegan Leather","Handcrafted vegan leather upper, metallic cord braiding, signature dual-density memory foam footbed, anti-slip rubber sole.","Our signature hand crafted 3.5 inch high kolhapuri inspired wedge. Metallic shades intermingle to create a classic and versatile pair suitable for any occasion. Comfortable and light weight, this pair comes with a rubber non skid sole. This style is also available in 4.5 inches, 2 1/4 inches, and as flats. Size Chart"
"stoffa_7534774714527","Classic High K Wedge Antique gold","High wedges - 3.5 inch",4300,86,108,"Antique gold / 36 / Vegan Leather; Antique gold / 37 / Vegan Leather; Antique gold / 38 / Vegan Leather; Antique gold / 39 / Vegan Leather; Antique gold / 40 / Vegan Leather; Antique gold / 41 / Vegan Leather; Rose Gold / 36 / Vegan Leather; Rose Gold / 37 / Vegan Leather; Rose Gold / 38 / Vegan Leather; Rose Gold / 39 / Vegan Leather; Rose Gold / 40 / Vegan Leather; Rose Gold / 41 / Vegan Leather; Silver / 36 / Vegan Leather; Silver / 37 / Vegan Leather; Silver / 38 / Vegan Leather; Silver / 39 / Vegan Leather; Silver / 40 / Vegan Leather; Silver / 41 / Vegan Leather; Gold / 36 / Vegan Leather; Gold / 37 / Vegan Leather; Gold / 38 / Vegan Leather; Gold / 39 / Vegan Leather; Gold / 40 / Vegan Leather; Gold / 41 / Vegan Leather; Champagne / 36 / Vegan Leather; Champagne / 37 / Vegan Leather; Champagne / 38 / Vegan Leather; Champagne / 39 / Vegan Leather; Champagne / 40 / Vegan Leather; Champagne / 41 / Vegan Leather; Pewter / 36 / Vegan Leather; Pewter / 37 / Vegan Leather; Pewter / 38 / Vegan Leather; Pewter / 39 / Vegan Leather; Pewter / 40 / Vegan Leather; Pewter / 41 / Vegan Leather; Camel / 36 / Vegan Leather; Camel / 37 / Vegan Leather; Camel / 38 / Vegan Leather; Camel / 39 / Vegan Leather; Camel / 40 / Vegan Leather; Camel / 41 / Vegan Leather; Taupe / 36 / Vegan Leather; Taupe / 37 / Vegan Leather; Taupe / 38 / Vegan Leather; Taupe / 39 / Vegan Leather; Taupe / 40 / Vegan Leather; Taupe / 41 / Vegan Leather; Black / 36 / Vegan Leather; Black / 37 / Vegan Leather; Black / 38 / Vegan Leather; Black / 39 / Vegan Leather; Black / 40 / Vegan Leather; Black / 41 / Vegan Leather; Maroon / 36 / Vegan Leather; Maroon / 37 / Vegan Leather; Maroon / 38 / Vegan Leather; Maroon / 39 / Vegan Leather; Maroon / 40 / Vegan Leather; Maroon / 41 / Vegan Leather","Handcrafted vegan leather upper, metallic cord braiding, signature dual-density memory foam footbed, anti-slip rubber sole.","Our signature hand crafted 3.5 inch high kolhapuri inspired wedge. Metallic shades intermingle to create a classic and versatile pair suitable for any occasion. Comfortable and light weight, this pair comes with a rubber non skid sole. This style is also available in 4.5 inches, 2 1/4 inches, and as flats. Size Chart"
"stoffa_7534773862559","Classic High K Wedge Pewter","High wedges - 3.5 inch",4300,86,108,"Pewter / 36 / Vegan Leather; Pewter / 37 / Vegan Leather; Pewter / 38 / Vegan Leather; Pewter / 39 / Vegan Leather; Pewter / 40 / Vegan Leather; Pewter / 41 / Vegan Leather; Champagne / 36 / Vegan Leather; Champagne / 37 / Vegan Leather; Champagne / 38 / Vegan Leather; Champagne / 39 / Vegan Leather; Champagne / 40 / Vegan Leather; Champagne / 41 / Vegan Leather; Silver / 36 / Vegan Leather; Silver / 37 / Vegan Leather; Silver / 38 / Vegan Leather; Silver / 39 / Vegan Leather; Silver / 40 / Vegan Leather; Silver / 41 / Vegan Leather; Gold / 36 / Vegan Leather; Gold / 37 / Vegan Leather; Gold / 38 / Vegan Leather; Gold / 39 / Vegan Leather; Gold / 40 / Vegan Leather; Gold / 41 / Vegan Leather; Rose Gold / 36 / Vegan Leather; Rose Gold / 37 / Vegan Leather; Rose Gold / 38 / Vegan Leather; Rose Gold / 39 / Vegan Leather; Rose Gold / 40 / Vegan Leather; Rose Gold / 41 / Vegan Leather; Camel / 36 / Vegan Leather; Camel / 37 / Vegan Leather; Camel / 38 / Vegan Leather; Camel / 39 / Vegan Leather; Camel / 40 / Vegan Leather; Camel / 41 / Vegan Leather; Taupe / 36 / Vegan Leather; Taupe / 37 / Vegan Leather; Taupe / 38 / Vegan Leather; Taupe / 39 / Vegan Leather; Taupe / 40 / Vegan Leather; Taupe / 41 / Vegan Leather; Antique gold / 36 / Vegan Leather; Antique gold / 37 / Vegan Leather; Antique gold / 38 / Vegan Leather; Antique gold / 39 / Vegan Leather; Antique gold / 40 / Vegan Leather; Antique gold / 41 / Vegan Leather; Black / 36 / Vegan Leather; Black / 37 / Vegan Leather; Black / 38 / Vegan Leather; Black / 39 / Vegan Leather; Black / 40 / Vegan Leather; Black / 41 / Vegan Leather; Maroon / 36 / Vegan Leather; Maroon / 37 / Vegan Leather; Maroon / 38 / Vegan Leather; Maroon / 39 / Vegan Leather; Maroon / 40 / Vegan Leather; Maroon / 41 / Vegan Leather","Handcrafted vegan leather upper, metallic cord braiding, signature dual-density memory foam footbed, anti-slip rubber sole.","Our signature hand crafted 3.5 inch high kolhapuri inspired wedge. Metallic shades intermingle to create a classic and versatile pair suitable for any occasion. Comfortable and light weight, this pair comes with a rubber non skid sole. This style is also available in 2 1/4 inches, and as flats. Size Chart"
"stoffa_7534774354079","Classic High K Wedge Camel","High wedges - 3.5 inch",4300,86,108,"Camel / 36 / Vegan Leather; Camel / 37 / Vegan Leather; Camel / 38 / Vegan Leather; Camel / 39 / Vegan Leather; Camel / 40 / Vegan Leather; Camel / 41 / Vegan Leather; Champagne / 36 / Vegan Leather; Champagne / 37 / Vegan Leather; Champagne / 38 / Vegan Leather; Champagne / 39 / Vegan Leather; Champagne / 40 / Vegan Leather; Champagne / 41 / Vegan Leather; Silver / 36 / Vegan Leather; Silver / 37 / Vegan Leather; Silver / 38 / Vegan Leather; Silver / 39 / Vegan Leather; Silver / 40 / Vegan Leather; Silver / 41 / Vegan Leather; Gold / 36 / Vegan Leather; Gold / 37 / Vegan Leather; Gold / 38 / Vegan Leather; Gold / 39 / Vegan Leather; Gold / 40 / Vegan Leather; Gold / 41 / Vegan Leather; Pewter / 36 / Vegan Leather; Pewter / 37 / Vegan Leather; Pewter / 38 / Vegan Leather; Pewter / 39 / Vegan Leather; Pewter / 40 / Vegan Leather; Pewter / 41 / Vegan Leather; Rose Gold / 36 / Vegan Leather; Rose Gold / 37 / Vegan Leather; Rose Gold / 38 / Vegan Leather; Rose Gold / 39 / Vegan Leather; Rose Gold / 40 / Vegan Leather; Rose Gold / 41 / Vegan Leather; Taupe / 36 / Vegan Leather; Taupe / 37 / Vegan Leather; Taupe / 38 / Vegan Leather; Taupe / 39 / Vegan Leather; Taupe / 40 / Vegan Leather; Taupe / 41 / Vegan Leather; Antique gold / 36 / Vegan Leather; Antique gold / 37 / Vegan Leather; Antique gold / 38 / Vegan Leather; Antique gold / 39 / Vegan Leather; Antique gold / 40 / Vegan Leather; Antique gold / 41 / Vegan Leather; Black / 36 / Vegan Leather; Black / 37 / Vegan Leather; Black / 38 / Vegan Leather; Black / 39 / Vegan Leather; Black / 40 / Vegan Leather; Black / 41 / Vegan Leather; Maroon / 36 / Vegan Leather; Maroon / 37 / Vegan Leather; Maroon / 38 / Vegan Leather; Maroon / 39 / Vegan Leather; Maroon / 40 / Vegan Leather; Maroon / 41 / Vegan Leather","Handcrafted vegan leather upper, metallic cord braiding, signature dual-density memory foam footbed, anti-slip rubber sole.","Our signature hand crafted 3.5 inch high kolhapuri inspired wedge.¬†A neutral shade expressed in a traditional ¬† format creates a classic and versatile ¬† pair suitable for any occasion.¬†Comfortable and light weight, this pair¬†comes with a rubber non skid sole.¬†This style is also available in ¬† ¬† 2 1/4 inches, and as flats. Size Chart"
"stoffa_7534774681759","Classic High K Wedge Taupe","High wedges - 3.5 inch",4300,86,108,"Taupe / 36 / Vegan Leather; Taupe / 37 / Vegan Leather; Taupe / 38 / Vegan Leather; Taupe / 39 / Vegan Leather; Taupe / 40 / Vegan Leather; Taupe / 41 / Vegan Leather; Camel / 36 / Vegan Leather; Camel / 37 / Vegan Leather; Camel / 38 / Vegan Leather; Camel / 39 / Vegan Leather; Camel / 40 / Vegan Leather; Camel / 41 / Vegan Leather; Champagne / 36 / Vegan Leather; Champagne / 37 / Vegan Leather; Champagne / 38 / Vegan Leather; Champagne / 39 / Vegan Leather; Champagne / 40 / Vegan Leather; Champagne / 41 / Vegan Leather; Silver / 36 / Vegan Leather; Silver / 37 / Vegan Leather; Silver / 38 / Vegan Leather; Silver / 39 / Vegan Leather; Silver / 40 / Vegan Leather; Silver / 41 / Vegan Leather; Gold / 36 / Vegan Leather; Gold / 37 / Vegan Leather; Gold / 38 / Vegan Leather; Gold / 39 / Vegan Leather; Gold / 40 / Vegan Leather; Gold / 41 / Vegan Leather; Pewter / 36 / Vegan Leather; Pewter / 37 / Vegan Leather; Pewter / 38 / Vegan Leather; Pewter / 39 / Vegan Leather; Pewter / 40 / Vegan Leather; Pewter / 41 / Vegan Leather; Rose Gold / 36 / Vegan Leather; Rose Gold / 37 / Vegan Leather; Rose Gold / 38 / Vegan Leather; Rose Gold / 39 / Vegan Leather; Rose Gold / 40 / Vegan Leather; Rose Gold / 41 / Vegan Leather; Antique gold / 36 / Vegan Leather; Antique gold / 37 / Vegan Leather; Antique gold / 38 / Vegan Leather; Antique gold / 39 / Vegan Leather; Antique gold / 40 / Vegan Leather; Antique gold / 41 / Vegan Leather; Black / 36 / Vegan Leather; Black / 37 / Vegan Leather; Black / 38 / Vegan Leather; Black / 39 / Vegan Leather; Black / 40 / Vegan Leather; Black / 41 / Vegan Leather; Maroon / 36 / Vegan Leather; Maroon / 37 / Vegan Leather; Maroon / 38 / Vegan Leather; Maroon / 39 / Vegan Leather; Maroon / 40 / Vegan Leather; Maroon / 41 / Vegan Leather","Handcrafted vegan leather upper, metallic cord braiding, signature dual-density memory foam footbed, anti-slip rubber sole.","Our signature hand crafted 3.5 inch high kolhapuri inspired wedge. A neutral shade expressed in a traditional format creates a classic and versatile pair suitable for any occasion. Comfortable and light weight, this pair comes with a rubber non skid sole. This style is also available in ¬† 2 1/4 inches, and as flats. Size Chart"
"stoffa_7534776582303","Classic High K Wedge Olive","High wedges - 3.5 inch",4000,80,100,"Olive / 36 / Vegan Leather; Olive / 37 / Vegan Leather; Olive / 38 / Vegan Leather; Olive / 39 / Vegan Leather; Olive / 40 / Vegan Leather; Olive / 41 / Vegan Leather; Taupe / 36 / Vegan Leather; Taupe / 37 / Vegan Leather; Taupe / 38 / Vegan Leather; Taupe / 39 / Vegan Leather; Taupe / 40 / Vegan Leather; Taupe / 41 / Vegan Leather; Navy / 36 / Vegan Leather; Navy / 37 / Vegan Leather; Navy / 38 / Vegan Leather; Navy / 39 / Vegan Leather; Navy / 40 / Vegan Leather; Navy / 41 / Vegan Leather; Slate / 36 / Vegan Leather; Slate / 37 / Vegan Leather; Slate / 38 / Vegan Leather; Slate / 39 / Vegan Leather; Slate / 40 / Vegan Leather; Slate / 41 / Vegan Leather; Blush / 36 / Vegan Leather; Blush / 37 / Vegan Leather; Blush / 38 / Vegan Leather; Blush / 39 / Vegan Leather; Blush / 40 / Vegan Leather; Blush / 41 / Vegan Leather; Rose Antique / 36 / Vegan Leather; Rose Antique / 37 / Vegan Leather; Rose Antique / 38 / Vegan Leather; Rose Antique / 39 / Vegan Leather; Rose Antique / 40 / Vegan Leather; Rose Antique / 41 / Vegan Leather; Chocolate / 36 / Vegan Leather; Chocolate / 37 / Vegan Leather; Chocolate / 38 / Vegan Leather; Chocolate / 39 / Vegan Leather; Chocolate / 40 / Vegan Leather; Chocolate / 41 / Vegan Leather; Black / 36 / Vegan Leather; Black / 37 / Vegan Leather; Black / 38 / Vegan Leather; Black / 39 / Vegan Leather; Black / 40 / Vegan Leather; Black / 41 / Vegan Leather; Ink / 36 / Vegan Leather; Ink / 37 / Vegan Leather; Ink / 38 / Vegan Leather; Ink / 39 / Vegan Leather; Ink / 40 / Vegan Leather; Ink / 41 / Vegan Leather; Maroon / 36 / Vegan Leather; Maroon / 37 / Vegan Leather; Maroon / 38 / Vegan Leather; Maroon / 39 / Vegan Leather; Maroon / 40 / Vegan Leather; Maroon / 41 / Vegan Leather; Dark Grey / 36 / Vegan Leather; Dark Grey / 37 / Vegan Leather; Dark Grey / 38 / Vegan Leather; Dark Grey / 39 / Vegan Leather; Dark Grey / 40 / Vegan Leather; Dark Grey / 41 / Vegan Leather","Handcrafted vegan leather upper, metallic cord braiding, signature dual-density memory foam footbed, anti-slip rubber sole.","Our signature hand crafted 3.5 inch high¬†kolhapuri inspired wedge. In a range of subtle and elegant matte shades, it is a perfect match for any attire. Comfortable and light weight, this pair comes with a rubber non skid sole. This style is also available in 2 1/4 inches, and as flats. Size Chart"
"stoffa_7534776615071","Classic High K Wedge Chocolate","High wedges - 3.5 inch",4300,86,108,"Chocolate / 36 / Vegan Leather; Chocolate / 37 / Vegan Leather; Chocolate / 38 / Vegan Leather; Chocolate / 39 / Vegan Leather; Chocolate / 40 / Vegan Leather; Chocolate / 41 / Vegan Leather; Slate / 36 / Vegan Leather; Slate / 37 / Vegan Leather; Slate / 38 / Vegan Leather; Slate / 39 / Vegan Leather; Slate / 40 / Vegan Leather; Slate / 41 / Vegan Leather; Taupe / 36 / Vegan Leather; Taupe / 37 / Vegan Leather; Taupe / 38 / Vegan Leather; Taupe / 39 / Vegan Leather; Taupe / 40 / Vegan Leather; Taupe / 41 / Vegan Leather; Navy / 36 / Vegan Leather; Navy / 37 / Vegan Leather; Navy / 38 / Vegan Leather; Navy / 39 / Vegan Leather; Navy / 40 / Vegan Leather; Navy / 41 / Vegan Leather; Rose Antique / 36 / Vegan Leather; Rose Antique / 37 / Vegan Leather; Rose Antique / 38 / Vegan Leather; Rose Antique / 39 / Vegan Leather; Rose Antique / 40 / Vegan Leather; Rose Antique / 41 / Vegan Leather; Black / 36 / Vegan Leather; Black / 37 / Vegan Leather; Black / 38 / Vegan Leather; Black / 39 / Vegan Leather; Black / 40 / Vegan Leather; Black / 41 / Vegan Leather; Ink / 36 / Vegan Leather; Ink / 37 / Vegan Leather; Ink / 38 / Vegan Leather; Ink / 39 / Vegan Leather; Ink / 40 / Vegan Leather; Ink / 41 / Vegan Leather; Maroon / 36 / Vegan Leather; Maroon / 37 / Vegan Leather; Maroon / 38 / Vegan Leather; Maroon / 39 / Vegan Leather; Maroon / 40 / Vegan Leather; Maroon / 41 / Vegan Leather; Dark Grey / 36 / Vegan Leather; Dark Grey / 37 / Vegan Leather; Dark Grey / 38 / Vegan Leather; Dark Grey / 39 / Vegan Leather; Dark Grey / 40 / Vegan Leather; Dark Grey / 41 / Vegan Leather","Handcrafted vegan leather upper, metallic cord braiding, signature dual-density memory foam footbed, anti-slip rubber sole.","Our signature hand crafted 3.5 inch high kolhapuri inspired wedge. In a range of subtle and elegant matte shades, it is a perfect match for any attire. Comfortable and light weight, this pair comes with a rubber non skid sole. This style is also available in 2 1/4 inches, and as flats. Size Chart"
"stoffa_7534780973215","Classic High K Wedge Dark Grey","High wedges - 3.5 inch",4300,86,108,"Dark Grey / 36 / Vegan Leather; Dark Grey / 37 / Vegan Leather; Dark Grey / 38 / Vegan Leather; Dark Grey / 39 / Vegan Leather; Dark Grey / 40 / Vegan Leather; Dark Grey / 41 / Vegan Leather; Navy / 36 / Vegan Leather; Navy / 37 / Vegan Leather; Navy / 38 / Vegan Leather; Navy / 39 / Vegan Leather; Navy / 40 / Vegan Leather; Navy / 41 / Vegan Leather; Ink / 36 / Vegan Leather; Ink / 37 / Vegan Leather; Ink / 38 / Vegan Leather; Ink / 39 / Vegan Leather; Ink / 40 / Vegan Leather; Ink / 41 / Vegan Leather; Taupe / 36 / Vegan Leather; Taupe / 37 / Vegan Leather; Taupe / 38 / Vegan Leather; Taupe / 39 / Vegan Leather; Taupe / 40 / Vegan Leather; Taupe / 41 / Vegan Leather; Slate / 36 / Vegan Leather; Slate / 37 / Vegan Leather; Slate / 38 / Vegan Leather; Slate / 39 / Vegan Leather; Slate / 40 / Vegan Leather; Slate / 41 / Vegan Leather; Rose Antique / 36 / Vegan Leather; Rose Antique / 37 / Vegan Leather; Rose Antique / 38 / Vegan Leather; Rose Antique / 39 / Vegan Leather; Rose Antique / 40 / Vegan Leather; Rose Antique / 41 / Vegan Leather; Chocolate / 36 / Vegan Leather; Chocolate / 37 / Vegan Leather; Chocolate / 38 / Vegan Leather; Chocolate / 39 / Vegan Leather; Chocolate / 40 / Vegan Leather; Chocolate / 41 / Vegan Leather; Black / 36 / Vegan Leather; Black / 37 / Vegan Leather; Black / 38 / Vegan Leather; Black / 39 / Vegan Leather; Black / 40 / Vegan Leather; Black / 41 / Vegan Leather; Maroon / 36 / Vegan Leather; Maroon / 37 / Vegan Leather; Maroon / 38 / Vegan Leather; Maroon / 39 / Vegan Leather; Maroon / 40 / Vegan Leather; Maroon / 41 / Vegan Leather","Handcrafted vegan leather upper, metallic cord braiding, signature dual-density memory foam footbed, anti-slip rubber sole.","Our signature hand crafted 3.5 inch high Kolhapuri inspired wedge. In a range of subtle and elegant matte shades, it is a perfect match for any attire. Comfortable and light weight, this pair comes with a rubber non skid sole. This style is also available in 2 1/4 inches, and as flats."
"stoffa_9038468546719","Classic High K Wedge Tan","High wedges - 3.5 inch",4300,86,108,"Tan / 36 / Vegan Leather; Tan / 37 / Vegan Leather; Tan / 38 / Vegan Leather; Tan / 39 / Vegan Leather; Tan / 40 / Vegan Leather; Tan / 41 / Vegan Leather","Handcrafted vegan leather upper, metallic cord braiding, signature dual-density memory foam footbed, anti-slip rubber sole.","Our signature hand crafted 3 and a half inch kolhapuri inspired high wedge. In a range of subtle and elegant matte shades, it is a perfect match for any attire. Comfortable and light weight, this pair comes with a rubber non skid sole."
"stoffa_9038468481183","Classic High K Wedge Copper","High wedges - 3.5 inch",4300,86,108,"Copper / 36 / Vegan Leather; Copper / 37 / Vegan Leather; Copper / 38 / Vegan Leather; Copper / 39 / Vegan Leather; Copper / 40 / Vegan Leather; Copper / 41 / Vegan Leather","Handcrafted vegan leather upper, metallic cord braiding, signature dual-density memory foam footbed, anti-slip rubber sole.","Our signature hand crafted 3 and half inch kolhapuri inspired high wedge. Metallic shades intermingle to create a classic and versatile pair suitable for any occasion. Comfortable and light weight, this pair comes with a rubber non skid sole."
"stoffa_7534782808223","Classic High K Rose Antique","High wedges - 3.5 inch",4300,86,108,"Rose Antique / 36 / Vegan Leather; Rose Antique / 37 / Vegan Leather; Rose Antique / 38 / Vegan Leather; Rose Antique / 39 / Vegan Leather; Rose Antique / 40 / Vegan Leather; Rose Antique / 41 / Vegan Leather; Taupe / 36 / Vegan Leather; Taupe / 37 / Vegan Leather; Taupe / 38 / Vegan Leather; Taupe / 39 / Vegan Leather; Taupe / 40 / Vegan Leather; Taupe / 41 / Vegan Leather; Navy / 36 / Vegan Leather; Navy / 37 / Vegan Leather; Navy / 38 / Vegan Leather; Navy / 39 / Vegan Leather; Navy / 40 / Vegan Leather; Navy / 41 / Vegan Leather; Slate / 36 / Vegan Leather; Slate / 37 / Vegan Leather; Slate / 38 / Vegan Leather; Slate / 39 / Vegan Leather; Slate / 40 / Vegan Leather; Slate / 41 / Vegan Leather; Chocolate / 36 / Vegan Leather; Chocolate / 37 / Vegan Leather; Chocolate / 38 / Vegan Leather; Chocolate / 39 / Vegan Leather; Chocolate / 40 / Vegan Leather; Chocolate / 41 / Vegan Leather; Black / 36 / Vegan Leather; Black / 37 / Vegan Leather; Black / 38 / Vegan Leather; Black / 39 / Vegan Leather; Black / 40 / Vegan Leather; Black / 41 / Vegan Leather; Ink / 36 / Vegan Leather; Ink / 37 / Vegan Leather; Ink / 38 / Vegan Leather; Ink / 39 / Vegan Leather; Ink / 40 / Vegan Leather; Ink / 41 / Vegan Leather; Maroon / 36 / Vegan Leather; Maroon / 37 / Vegan Leather; Maroon / 38 / Vegan Leather; Maroon / 39 / Vegan Leather; Maroon / 40 / Vegan Leather; Maroon / 41 / Vegan Leather; Dark Grey / 36 / Vegan Leather; Dark Grey / 37 / Vegan Leather; Dark Grey / 38 / Vegan Leather; Dark Grey / 39 / Vegan Leather; Dark Grey / 40 / Vegan Leather; Dark Grey / 41 / Vegan Leather","Handcrafted vegan leather upper, metallic cord braiding, signature dual-density memory foam footbed, anti-slip rubber sole.","Our signature hand crafted 3.5 inch high kolhapuri inspired wedge. In a range of subtle and elegant matte shades, it is a perfect match for any attire. Comfortable and light weight, this pair comes with a rubber non skid sole. This style is also available in 2 1/4 inches, and as flats. ¬† Size Chart"
"stoffa_7534782644383","Classic High K Wedge Maroon","High wedges - 3.5 inch",4300,86,108,"Maroon / 36 / Vegan Leather; Maroon / 37 / Vegan Leather; Maroon / 38 / Vegan Leather; Maroon / 39 / Vegan Leather; Maroon / 40 / Vegan Leather; Maroon / 41 / Vegan Leather; Chocolate / 36 / Vegan Leather; Chocolate / 37 / Vegan Leather; Chocolate / 38 / Vegan Leather; Chocolate / 39 / Vegan Leather; Chocolate / 40 / Vegan Leather; Chocolate / 41 / Vegan Leather; Slate / 36 / Vegan Leather; Slate / 37 / Vegan Leather; Slate / 38 / Vegan Leather; Slate / 39 / Vegan Leather; Slate / 40 / Vegan Leather; Slate / 41 / Vegan Leather; Taupe / 36 / Vegan Leather; Taupe / 37 / Vegan Leather; Taupe / 38 / Vegan Leather; Taupe / 39 / Vegan Leather; Taupe / 40 / Vegan Leather; Taupe / 41 / Vegan Leather; Navy / 36 / Vegan Leather; Navy / 37 / Vegan Leather; Navy / 38 / Vegan Leather; Navy / 39 / Vegan Leather; Navy / 40 / Vegan Leather; Navy / 41 / Vegan Leather; Rose Antique / 36 / Vegan Leather; Rose Antique / 37 / Vegan Leather; Rose Antique / 38 / Vegan Leather; Rose Antique / 39 / Vegan Leather; Rose Antique / 40 / Vegan Leather; Rose Antique / 41 / Vegan Leather; Black / 36 / Vegan Leather; Black / 37 / Vegan Leather; Black / 38 / Vegan Leather; Black / 39 / Vegan Leather; Black / 40 / Vegan Leather; Black / 41 / Vegan Leather; Ink / 36 / Vegan Leather; Ink / 37 / Vegan Leather; Ink / 38 / Vegan Leather; Ink / 39 / Vegan Leather; Ink / 40 / Vegan Leather; Ink / 41 / Vegan Leather; Dark Grey / 36 / Vegan Leather; Dark Grey / 37 / Vegan Leather; Dark Grey / 38 / Vegan Leather; Dark Grey / 39 / Vegan Leather; Dark Grey / 40 / Vegan Leather; Dark Grey / 41 / Vegan Leather","Handcrafted vegan leather upper, metallic cord braiding, signature dual-density memory foam footbed, anti-slip rubber sole.","Our signature hand crafted 3.5 inch high kolhapuri inspired wedge. In a range of subtle and elegant matte shades, it is a perfect match for any attire. Comfortable and light weight, this pair comes with a rubber non skid sole. This style is also available in 2 1/4 inches, and as flats."
"stoffa_10911727059103","Tribal K Flats","Flats",1950,39,49,"36 / Maroon / Vegan Leather; 36 / Yellow / Vegan Leather; 36 / Orange / Vegan Leather; 37 / Maroon / Vegan Leather; 37 / Yellow / Vegan Leather; 37 / Orange / Vegan Leather; 38 / Maroon / Vegan Leather; 38 / Yellow / Vegan Leather; 38 / Orange / Vegan Leather; 39 / Maroon / Vegan Leather; 39 / Yellow / Vegan Leather; 39 / Orange / Vegan Leather; 40 / Maroon / Vegan Leather; 40 / Yellow / Vegan Leather; 40 / Orange / Vegan Leather; 41 / Maroon / Vegan Leather; 41 / Yellow / Vegan Leather; 41 / Orange / Vegan Leather","Handcrafted vegan leather upper, metallic cord braiding, signature dual-density memory foam footbed, anti-slip rubber sole.","Like a splash of sunshine on your feet, these flats are pure spring fun! Choose between sunny Yellow, striking Orange or rich Maroon and dress up your simple attire."
"stoffa_10903029678239","Border Clutch Bag Gold","Bags",3900,78,98,"9*7 Inches / Gold / Faux Cane/ Embellished borders","Handcrafted vegan leather upper, metallic cord braiding, signature dual-density memory foam footbed, anti-slip rubber sole.","The perfect gold bag! Wear with Indians, Westerns or Indo western. See how beautifully the embroidered borders pair with a versatile faux cane. Sturdy and gorgeous with a chain for ease."
"stoffa_10903029645471","Border Flat Bag Gold","Flats",4200,84,105,"9*6.5 Inches / Gold / Embellished borders","Handcrafted vegan leather upper, metallic cord braiding, signature dual-density memory foam footbed, anti-slip rubber sole.","Carry this gorgeous embroidered border bag as a clutch or a cross body. Roomy enough to accommodate all that you need for a night out or a day out."
"stoffa_10903025615007","White Braid Wedge","Wedges",2100,42,53,"White / 36; White / 38; White / 39; White / 40; White / 41; White / 37","Handcrafted vegan leather upper, metallic cord braiding, signature dual-density memory foam footbed, anti-slip rubber sole.","With it‚Äôs elegantly woven Silver and White cord heel, this 3.5 inch slip on wedge is perfect to wear with any classic ensemble. Softly padded base ensures comfort all day long."
"stoffa_10627954999455","Embellished Potli Bag Antique","Bags",5400,108,135,"Antique / Length* Height = 9.5*7 inch / Velvet Fabric; Black / Length* Height = 9.5*7 inch / Velvet Fabric; Pewter / Length* Height = 9.5*7 inch / Velvet Fabric; Rose Gold / Length* Height = 9*7 inch / Velvet Fabric","Handcrafted vegan leather upper, metallic cord braiding, signature dual-density memory foam footbed, anti-slip rubber sole.","Perfect for a night out, carry this beautifully embellished potli bag as a clutch or a cross body. Fits all that you would need it to."
"stoffa_10627927376031","Embellished Potli Bag Rose Gold","Bags",5400,108,135,"Rose Gold / Length* Height = 9*7 inch / Velvet Fabric; Antique / Length* Height = 9.5*7 inch / Velvet Fabric; Black / Length* Height = 9.5*7 inch / Velvet Fabric; Pewter / Length* Height = 9.5*7 inch / Velvet Fabric","Handcrafted vegan leather upper, metallic cord braiding, signature dual-density memory foam footbed, anti-slip rubber sole.","Perfect for a night out, carry this beautifully embellished potli bag as a clutch or a cross body. Fits all that you would need it to."
"stoffa_10627927277727","Embellished Potli Bag Black","Bags",5400,108,135,"Black / Length* Height = 9.5*7 inch / Velvet Fabric; Pewter / Length* Height = 9.5*7 inch / Velvet Fabric; Antique / Length* Height = 9.5*7 inch / Velvet Fabric; Rose Gold / Length* Height = 9*7 inch / Velvet Fabric","Handcrafted vegan leather upper, metallic cord braiding, signature dual-density memory foam footbed, anti-slip rubber sole.","Perfect for a night out, carry this beautifully embellished potli bag as a clutch or a cross body. Fits all that you would need it to."
"stoffa_10625484030111","Embellished Potli Bag Pewter","Bags",5400,108,135,"Pewter / Length* Height = 9.5*7 inch / Velvet Fabric; Black / Length* Height = 9.5*7 inch / Velvet Fabric; Antique / Length* Height = 9.5*7 inch / Velvet Fabric; Rose Gold / Length* Height = 9*7 inch / Velvet Fabric","Handcrafted vegan leather upper, metallic cord braiding, signature dual-density memory foam footbed, anti-slip rubber sole.","Perfect for a night out, carry this beautifully embellished potli bag as a clutch or a cross body. Fits all that you would need it to."
"stoffa_10575809970335","Gota Border Low K Wedge Gold","Low Wedges - 2.5 inch",4600,92,115,"Gold / 36 / Vegan Leather; Gold / 37 / Vegan Leather; Gold / 38 / Vegan Leather; Gold / 39 / Vegan Leather; Gold / 40 / Vegan Leather; Gold / 41 / Vegan Leather; Silver / 36 / Vegan Leather; Silver / 37 / Vegan Leather; Silver / 38 / Vegan Leather; Silver / 39 / Vegan Leather; Silver / 40 / Vegan Leather; Silver / 41 / Vegan Leather","Handcrafted vegan leather upper, metallic cord braiding, signature dual-density memory foam footbed, anti-slip rubber sole.","Add a glamorous finishing touch to any of your bridal outfits with these beautifully handcrafted gota border wedges. This gorgeous style is available in both 3.5""and 2.25""and in gold and in silver. Size Chart"
"stoffa_10575690924191","Gota Border Low K Wedge Silver","Low Wedges - 2.5 inch",4600,92,115,"Silver / 36 / Vegan Leather; Silver / 37 / Vegan Leather; Silver / 38 / Vegan Leather; Silver / 39 / Vegan Leather; Silver / 40 / Vegan Leather; Silver / 41 / Vegan Leather; Gold / 36 / Vegan Leather; Gold / 37 / Vegan Leather; Gold / 38 / Vegan Leather; Gold / 39 / Vegan Leather; Gold / 40 / Vegan Leather; Gold / 41 / Vegan Leather","Handcrafted vegan leather upper, metallic cord braiding, signature dual-density memory foam footbed, anti-slip rubber sole.","Add a glamorous finishing touch to any of your bridal outfits with these beautifully handcrafted gota border wedges. This gorgeous style is available in both 3.5""and 2.25""and in gold and in silver. Size Chart"
"stoffa_10575645606047","Strip Braid K Flats Light Gold","Flats",4100,82,103,"Light Gold / 36 / Vegan Leather; Light Gold / 37 / Vegan Leather; Light Gold / 38 / Vegan Leather; Light Gold / 39 / Vegan Leather; Light Gold / 40 / Vegan Leather; Light Gold / 41 / Vegan Leather; Pewter / 36 / Vegan Leather; Pewter / 37 / Vegan Leather; Pewter / 38 / Vegan Leather; Pewter / 39 / Vegan Leather; Pewter / 40 / Vegan Leather; Pewter / 41 / Vegan Leather; Gold / 36 / Vegan Leather; Gold / 37 / Vegan Leather; Gold / 38 / Vegan Leather; Gold / 39 / Vegan Leather; Gold / 40 / Vegan Leather; Gold / 41 / Vegan Leather","Handcrafted vegan leather upper, metallic cord braiding, signature dual-density memory foam footbed, anti-slip rubber sole.","These elegant and trendy K flats are padded and comfy enough to wear all day and everday! Choose between Deep Gold, Pewter and Light Gold and walk out in style! Size Chart"
"stoffa_10575641542815","Strip Braid K Flats Pewter","Flats",4100,82,103,"Pewter / 36 / Vegan Leather; Pewter / 37 / Vegan Leather; Pewter / 38 / Vegan Leather; Pewter / 39 / Vegan Leather; Pewter / 40 / Vegan Leather; Pewter / 41 / Vegan Leather; Gold / 36 / Vegan Leather; Gold / 37 / Vegan Leather; Gold / 38 / Vegan Leather; Gold / 39 / Vegan Leather; Gold / 40 / Vegan Leather; Gold / 41 / Vegan Leather; Light Gold / 36 / Vegan Leather; Light Gold / 37 / Vegan Leather; Light Gold / 38 / Vegan Leather; Light Gold / 39 / Vegan Leather; Light Gold / 40 / Vegan Leather; Light Gold / 41 / Vegan Leather","Handcrafted vegan leather upper, metallic cord braiding, signature dual-density memory foam footbed, anti-slip rubber sole.","These elegant and trendy K flats are padded and comfy enough to wear all day and everday! Choose between Deep Gold, Pewter and Light Gold and walk out in style! Size Chart"
"stoffa_10574497480863","Crystal Baguette Flats","Flats",4500,90,113,"Light Gold / 36 / Vegan Leather; Light Gold / 37 / Vegan Leather; Light Gold / 38 / Vegan Leather; Light Gold / 39 / Vegan Leather; Light Gold / 40 / Vegan Leather; Light Gold / 41 / Vegan Leather","Handcrafted vegan leather upper, metallic cord braiding, signature dual-density memory foam footbed, anti-slip rubber sole.","Herald the festive season with these sparkling wedges! This style comes in a 3.5"", 2.25"" as well as in flats and is super versatile, so wear with either traditional or western ensembles!"
"stoffa_10575604940959","Strip Braid K Flats Gold","Flats",4100,82,103,"Gold / 36 / Vegan Leather; Gold / 37 / Vegan Leather; Gold / 38 / Vegan Leather; Gold / 39 / Vegan Leather; Gold / 40 / Vegan Leather; Gold / 41 / Vegan Leather; Pewter / 36 / Vegan Leather; Pewter / 37 / Vegan Leather; Pewter / 38 / Vegan Leather; Pewter / 39 / Vegan Leather; Pewter / 40 / Vegan Leather; Pewter / 41 / Vegan Leather; Light Gold / 36 / Vegan Leather; Light Gold / 37 / Vegan Leather; Light Gold / 38 / Vegan Leather; Light Gold / 39 / Vegan Leather; Light Gold / 40 / Vegan Leather; Light Gold / 41 / Vegan Leather","Handcrafted vegan leather upper, metallic cord braiding, signature dual-density memory foam footbed, anti-slip rubber sole.","These elegant and trendy K flats are padded and comfy enough to wear all day and everday! Choose between Deep Gold, Pewter and Light Gold and walk out in style! Size Chart"
"stoffa_10575398469791","Gota Border High K Wedge Silver","High wedges - 3.5 inch",4800,96,120,"Silver / 36 / Vegan Leather; Silver / 37 / Vegan Leather; Silver / 38 / Vegan Leather; Silver / 39 / Vegan Leather; Silver / 40 / Vegan Leather; Silver / 41 / Vegan Leather; Gold / 36 / Vegan Leather; Gold / 37 / Vegan Leather; Gold / 38 / Vegan Leather; Gold / 39 / Vegan Leather; Gold / 40 / Vegan Leather; Gold / 41 / Vegan Leather","Handcrafted vegan leather upper, metallic cord braiding, signature dual-density memory foam footbed, anti-slip rubber sole.","Add a glamorous finishing touch to any of your bridal outfits with these beautifully handcrafted gota border wedges. This gorgeous style is available in both 3.5""and 2.25""and in gold and in silver."
"stoffa_10574498037919","Gota Border High K Wedge Gold","High wedges - 3.5 inch",4800,96,120,"Gold / 36 / Vegan Leather; Gold / 37 / Vegan Leather; Gold / 38 / Vegan Leather; Gold / 39 / Vegan Leather; Gold / 40 / Vegan Leather; Gold / 41 / Vegan Leather; Silver / 36 / Vegan Leather; Silver / 37 / Vegan Leather; Silver / 38 / Vegan Leather; Silver / 39 / Vegan Leather; Silver / 40 / Vegan Leather; Silver / 41 / Vegan Leather","Handcrafted vegan leather upper, metallic cord braiding, signature dual-density memory foam footbed, anti-slip rubber sole.","Add a glamorous finishing touch to any of your bridal outfits with these beautifully handcrafted gota border wedges. This gorgeous style is available in both 3.5""and 2.25""and in gold and in silver."
"stoffa_10574497317023","Crystal  Baguette Low Wedge Light Gold","Bags",4700,94,118,"Light Gold / 36 / Vegan Leather; Light Gold / 37 / Vegan Leather; Light Gold / 38 / Vegan Leather; Light Gold / 39 / Vegan Leather; Light Gold / 40 / Vegan Leather; Light Gold / 41 / Vegan Leather","Handcrafted vegan leather upper, metallic cord braiding, signature dual-density memory foam footbed, anti-slip rubber sole.","Herald the festive season with these sparkling wedges! This style comes in a 3.5"", 2.25"" as well as in flats and is super versatile, so wear with either traditional or western ensembles! Size Chart"
"stoffa_10574497153183","Crystal  Baguette High Wedge Light Gold","Bags",5100,102,128,"Light Gold / 36 / Vegan Leather; Light Gold / 37 / Vegan Leather; Light Gold / 38 / Vegan Leather; Light Gold / 39 / Vegan Leather; Light Gold / 40 / Vegan Leather; Light Gold / 41 / Vegan Leather","Handcrafted vegan leather upper, metallic cord braiding, signature dual-density memory foam footbed, anti-slip rubber sole.","Herald the festive season with these sparkling wedges! This style comes in a 3.5"", 2.25"" as well as in flats and is super versatile, so wear with either traditional or western ensembles!"
"stoffa_10575248130207","Crystal Slip on Low Wedges Rose Gold","Low Wedges - 2.5 inch",4700,94,118,"Rose Gold / 36 / Vegan Leather; Rose Gold / 37 / Vegan Leather; Rose Gold / 38 / Vegan Leather; Rose Gold / 39 / Vegan Leather; Rose Gold / 40 / Vegan Leather; Rose Gold / 41 / Vegan Leather; Light Gold / 36 / Vegan Leather; Light Gold / 37 / Vegan Leather; Light Gold / 38 / Vegan Leather; Light Gold / 39 / Vegan Leather; Light Gold / 40 / Vegan Leather; Light Gold / 41 / Vegan Leather","Handcrafted vegan leather upper, metallic cord braiding, signature dual-density memory foam footbed, anti-slip rubber sole.","These elegant slip on wedges in Light Gold &amp; Rose Gold shimmer with every step you take. Delicately embellished with crystals, these wedges come in 3.5"" and 2.25"" and are extra padded for comfort. Size Chart"
"stoffa_10574497087647","Crystal Slip on Low Wedges Light Gold","Low Wedges - 2.5 inch",4700,94,118,"Light Gold / 36 / Vegan Leather; Light Gold / 37 / Vegan Leather; Light Gold / 38 / Vegan Leather; Light Gold / 39 / Vegan Leather; Light Gold / 40 / Vegan Leather; Light Gold / 41 / Vegan Leather; Rose Gold / 36 / Vegan Leather; Rose Gold / 37 / Vegan Leather; Rose Gold / 38 / Vegan Leather; Rose Gold / 39 / Vegan Leather; Rose Gold / 40 / Vegan Leather; Rose Gold / 41 / Vegan Leather","Handcrafted vegan leather upper, metallic cord braiding, signature dual-density memory foam footbed, anti-slip rubber sole.","These elegant slip on wedges in Light Gold &amp; Rose Gold shimmer with every step you take. Delicately embellished with crystals, these wedges come in 3.5"" and 2.25"" and are extra padded for comfort. Size Chart"
"stoffa_10574496923807","Crystal Slip on High Wedges Light Gold","High wedges - 3.5 inch",5100,102,128,"Light Gold / 36 / Vegan Leather; Light Gold / 37 / Vegan Leather; Light Gold / 38 / Vegan Leather; Light Gold / 39 / Vegan Leather; Light Gold / 40 / Vegan Leather; Light Gold / 41 / Vegan Leather; Rose Gold / 36 / Vegan Leather; Rose Gold / 37 / Vegan Leather; Rose Gold / 38 / Vegan Leather; Rose Gold / 39 / Vegan Leather; Rose Gold / 40 / Vegan Leather; Rose Gold / 41 / Vegan Leather","Handcrafted vegan leather upper, metallic cord braiding, signature dual-density memory foam footbed, anti-slip rubber sole.","These elegant slip on wedges in Light Gold &amp; Rose Gold shimmer with every step you take. Delicately embellished with crystals, these wedges come in 3.5"" and 2.25"" and are extra padded for comfort."
"stoffa_10575230927007","Crystal Slip on High Wedges Rose Gold","High wedges - 3.5 inch",5100,102,128,"Rose Gold / 36 / Vegan Leather; Rose Gold / 37 / Vegan Leather; Rose Gold / 38 / Vegan Leather; Rose Gold / 39 / Vegan Leather; Rose Gold / 40 / Vegan Leather; Rose Gold / 41 / Vegan Leather; Light Gold / 36 / Vegan Leather; Light Gold / 37 / Vegan Leather; Light Gold / 38 / Vegan Leather; Light Gold / 39 / Vegan Leather; Light Gold / 40 / Vegan Leather; Light Gold / 41 / Vegan Leather","Handcrafted vegan leather upper, metallic cord braiding, signature dual-density memory foam footbed, anti-slip rubber sole.","These elegant slip on wedges in Light Gold &amp; Rose Gold shimmer with every step you take. Delicately embellished with crystals, these wedges come in 3.5"" and 2.25"" and are extra padded for comfort."
"stoffa_10574497874079","Silver Gold Metallic Structured Wedges","Wedges",5200,104,130,"Silver Gold / 36 / Vegan Leather; Silver Gold / 37 / Vegan Leather; Silver Gold / 38 / Vegan Leather; Silver Gold / 39 / Vegan Leather; Silver Gold / 40 / Vegan Leather; Silver Gold / 41 / Vegan Leather","Handcrafted vegan leather upper, metallic cord braiding, signature dual-density memory foam footbed, anti-slip rubber sole.","Once you slip your feet into these uber trendy wedges, we gaurantee you'll wear them for every festive occasion! 4 inches high but lightweight due to the heel structure."
"stoffa_9258915692703","Cross Strap High K Wedge Gold","High wedges - 3.5 inch",4300,86,108,"GOLD / 36 / Vegan Leather; GOLD / 37 / Vegan Leather; GOLD / 38 / Vegan Leather; GOLD / 39 / Vegan Leather; GOLD / 40 / Vegan Leather; GOLD / 41 / Vegan Leather; SILVER / 36 / Vegan Leather; SILVER / 37 / Vegan Leather; SILVER / 38 / Vegan Leather; SILVER / 39 / Vegan Leather; SILVER / 40 / Vegan Leather; SILVER / 41 / Vegan Leather","Handcrafted vegan leather upper, metallic cord braiding, signature dual-density memory foam footbed, anti-slip rubber sole.","These silver or gold cross strap 3.5"" wedges are a worthy purchase, thanks to how classic they are! Extra padded for comfort, wear yours with everything from dresses to jeans! Size Chart"
"stoffa_9258875879583","Cross Strap High K Wedge Silver","High wedges - 3.5 inch",4300,86,108,"SILVER / 36 / Vegan Leather; SILVER / 37 / Vegan Leather; SILVER / 38 / Vegan Leather; SILVER / 39 / Vegan Leather; SILVER / 40 / Vegan Leather; SILVER / 41 / Vegan Leather; GOLD / 36 / Vegan Leather; GOLD / 37 / Vegan Leather; GOLD / 38 / Vegan Leather; GOLD / 39 / Vegan Leather; GOLD / 40 / Vegan Leather; GOLD / 41 / Vegan Leather","Handcrafted vegan leather upper, metallic cord braiding, signature dual-density memory foam footbed, anti-slip rubber sole.","These silver or gold cross strap 3.5"" wedges are a worthy purchase, thanks to how classic they are! Extra padded for comfort, wear yours with everything from dresses to jeans!"
"stoffa_9038468350111","Tassle Low K Wedges Taupe","Low Wedges - 2.5 inch",4300,86,108,"Taupe / 36 / Vegan Leather; Taupe / 37 / Vegan Leather; Taupe / 38 / Vegan Leather; Taupe / 39 / Vegan Leather; Taupe / 40 / Vegan Leather; Taupe / 41 / Vegan Leather","Handcrafted vegan leather upper, metallic cord braiding, signature dual-density memory foam footbed, anti-slip rubber sole.","What's not to love about these braided multi tassel K low wedges? Intricate craftsmanship and a soft padded base make these wedges comfortable all day and night long! You're spoilt for choice with 3 options in Silver, Champagne and Taupe!"
"stoffa_9038468284575","Tassle  Low K Wedges Champagne","Low Wedges - 2.5 inch",4300,86,108,"Champagne / 36 / Vegan Leather; Champagne / 37 / Vegan Leather; Champagne / 38 / Vegan Leather; Champagne / 39 / Vegan Leather; Champagne / 40 / Vegan Leather; Champagne / 41 / Vegan Leather","Handcrafted vegan leather upper, metallic cord braiding, signature dual-density memory foam footbed, anti-slip rubber sole.","What's not to love about these braided multi tassel K low wedges? Intricate craftsmanship and a soft padded base make these wedges comfortable all day and night long! You're spoilt for choice with 3 options in Silver, Champagne and Taupe!"
"stoffa_9038468317343","Tassle Low K Wedges Silver Gold","Low Wedges - 2.5 inch",4300,86,108,"Silver Gold / 36 / Vegan Leather; Silver Gold / 37 / Vegan Leather; Silver Gold / 38 / Vegan Leather; Silver Gold / 39 / Vegan Leather; Silver Gold / 40 / Vegan Leather; Silver Gold / 41 / Vegan Leather","Handcrafted vegan leather upper, metallic cord braiding, signature dual-density memory foam footbed, anti-slip rubber sole.","What's not to love about these braided multi tassel K low wedges? Intricate craftsmanship and a soft padded base make these wedges comfortable all day and night long! You're spoilt for choice with 3 options in Silver, Champagne and Taupe!"
"stoffa_9038468513951","Classic Low K Wedge Biscuit","Low Wedges - 2.5 inch",4100,82,103,"Biscuit / 36 / Vegan Leather; Biscuit / 37 / Vegan Leather; Biscuit / 38 / Vegan Leather; Biscuit / 39 / Vegan Leather; Biscuit / 40 / Vegan Leather; Biscuit / 41 / Vegan Leather","Handcrafted vegan leather upper, metallic cord braiding, signature dual-density memory foam footbed, anti-slip rubber sole.","Our signature hand crafted 2 and a quarter inch kolhapuri inspired low wedge. A neutral shade expressed in a traditional format creates a classic and versatile pair suitable for any occasion. Comfortable and light weight, this pair comes with a rubber non skid sole."
"stoffa_7602573869215","Skin Crossfront High Wedge Gold","High wedges - 3.5 inch",4200,84,105,"Gold / 36 / Faux Leather; Gold / 37 / Faux Leather; Gold / 38 / Faux Leather; Gold / 39 / Faux Leather; Gold / 40 / Faux Leather; Gold / 41 / Faux Leather; Light Gold / 36 / Faux Leather; Light Gold / 37 / Faux Leather; Light Gold / 38 / Faux Leather; Light Gold / 39 / Faux Leather; Light Gold / 40 / Faux Leather; Light Gold / 41 / Faux Leather","Handcrafted vegan leather upper, metallic cord braiding, signature dual-density memory foam footbed, anti-slip rubber sole.","Wear these super comfortable faux skin high wedges with any attire. Characterised by a jute dori, this pair is available in 2 shades of Gold. Size Chart ¬†"
"stoffa_7534774780063","Classic High K Wedge Black","High wedges - 3.5 inch",4300,86,108,"Black / 36 / Vegan Leather; Black / 37 / Vegan Leather; Black / 38 / Vegan Leather; Black / 39 / Vegan Leather; Black / 40 / Vegan Leather; Black / 41 / Vegan Leather; Silver / 36 / Vegan Leather; Silver / 37 / Vegan Leather; Silver / 38 / Vegan Leather; Silver / 39 / Vegan Leather; Silver / 40 / Vegan Leather; Silver / 41 / Vegan Leather; Gold / 36 / Vegan Leather; Gold / 37 / Vegan Leather; Gold / 38 / Vegan Leather; Gold / 39 / Vegan Leather; Gold / 40 / Vegan Leather; Gold / 41 / Vegan Leather; Champagne / 36 / Vegan Leather; Champagne / 37 / Vegan Leather; Champagne / 38 / Vegan Leather; Champagne / 39 / Vegan Leather; Champagne / 40 / Vegan Leather; Champagne / 41 / Vegan Leather; Pewter / 36 / Vegan Leather; Pewter / 37 / Vegan Leather; Pewter / 38 / Vegan Leather; Pewter / 39 / Vegan Leather; Pewter / 40 / Vegan Leather; Pewter / 41 / Vegan Leather; Rose Gold / 36 / Vegan Leather; Rose Gold / 37 / Vegan Leather; Rose Gold / 38 / Vegan Leather; Rose Gold / 39 / Vegan Leather; Rose Gold / 40 / Vegan Leather; Rose Gold / 41 / Vegan Leather; Camel / 36 / Vegan Leather; Camel / 37 / Vegan Leather; Camel / 38 / Vegan Leather; Camel / 39 / Vegan Leather; Camel / 40 / Vegan Leather; Camel / 41 / Vegan Leather; Taupe / 36 / Vegan Leather; Taupe / 37 / Vegan Leather; Taupe / 38 / Vegan Leather; Taupe / 39 / Vegan Leather; Taupe / 40 / Vegan Leather; Taupe / 41 / Vegan Leather; Antique gold / 36 / Vegan Leather; Antique gold / 37 / Vegan Leather; Antique gold / 38 / Vegan Leather; Antique gold / 39 / Vegan Leather; Antique gold / 40 / Vegan Leather; Antique gold / 41 / Vegan Leather; Maroon / 36 / Vegan Leather; Maroon / 37 / Vegan Leather; Maroon / 38 / Vegan Leather; Maroon / 39 / Vegan Leather; Maroon / 40 / Vegan Leather; Maroon / 41 / Vegan Leather","Handcrafted vegan leather upper, metallic cord braiding, signature dual-density memory foam footbed, anti-slip rubber sole.","Our signature hand crafted 3.5 inch high kolhapuri inspired wedge. A neutral shade expressed in a traditional format creates a classic and versatile pair suitable for any occasion.¬†Comfortable and light weight, this pair¬†comes with a rubber non skid sole.¬†This style is also available in 2 1/4 inches, and as flats. Size Chart"
"stoffa_7536643145887","Classic K Flats Taupe","Flats",3900,78,98,"Taupe / 36 / Vegan Leather; Taupe / 37 / Vegan Leather; Taupe / 38 / Vegan Leather; Taupe / 39 / Vegan Leather; Taupe / 40 / Vegan Leather; Taupe / 41 / Vegan Leather; Navy / 36 / Vegan Leather; Navy / 37 / Vegan Leather; Navy / 38 / Vegan Leather; Navy / 39 / Vegan Leather; Navy / 40 / Vegan Leather; Navy / 41 / Vegan Leather; Blush / 36 / Vegan Leather; Blush / 37 / Vegan Leather; Blush / 38 / Vegan Leather; Blush / 39 / Vegan Leather; Blush / 40 / Vegan Leather; Blush / 41 / Vegan Leather; Chocolate / 36 / Vegan Leather; Chocolate / 37 / Vegan Leather; Chocolate / 38 / Vegan Leather; Chocolate / 39 / Vegan Leather; Chocolate / 40 / Vegan Leather; Chocolate / 41 / Vegan Leather; Ink / 36 / Vegan Leather; Ink / 37 / Vegan Leather; Ink / 38 / Vegan Leather; Ink / 39 / Vegan Leather; Ink / 40 / Vegan Leather; Ink / 41 / Vegan Leather; D. Grey / 36 / Vegan Leather; D. Grey / 37 / Vegan Leather; D. Grey / 38 / Vegan Leather; D. Grey / 39 / Vegan Leather; D. Grey / 40 / Vegan Leather; D. Grey / 41 / Vegan Leather","Handcrafted vegan leather upper, metallic cord braiding, signature dual-density memory foam footbed, anti-slip rubber sole.","Our signature Kolhapuri inspired flats in a range of subtle and elegant matte shades is perfect for any attire. Comfortable and light weight, this pair comes with a non-skid sole. This style is ¬† also available in 3.5 inch, 2.1/4 inch and 2 inch block heel. Size Chart"
"stoffa_7536611164319","Classic K Flats Camel","Flats",3900,78,98,"Camel / 36 / Vegan Material; Camel / 37 / Vegan Material; Camel / 38 / Vegan Material; Camel / 39 / Vegan Material; Camel / 40 / Vegan Material; Camel / 41 / Vegan Material; Black / 36 / Vegan Material; Black / 37 / Vegan Material; Black / 38 / Vegan Material; Black / 39 / Vegan Material; Black / 40 / Vegan Material; Black / 41 / Vegan Material; Antique gold / 36 / Vegan Material; Antique gold / 37 / Vegan Material; Antique gold / 38 / Vegan Material; Antique gold / 39 / Vegan Material; Antique gold / 40 / Vegan Material; Antique gold / 41 / Vegan Material; Gold / 36 / Vegan Material; Gold / 37 / Vegan Material; Gold / 38 / Vegan Material; Gold / 39 / Vegan Material; Gold / 40 / Vegan Material; Gold / 41 / Vegan Material; Silver / 36 / Vegan Material; Silver / 37 / Vegan Material; Silver / 38 / Vegan Material; Silver / 39 / Vegan Material; Silver / 40 / Vegan Material; Silver / 41 / Vegan Material","Handcrafted vegan leather upper, metallic cord braiding, signature dual-density memory foam footbed, anti-slip rubber sole.","Our signature hand crafted K flats in 1 inch kolhapuri inspired flats. A neutral shade expressed in a traditional format creates a classic and versatile pair suitable for any occasion. Comfortable and light weight, this pair comes with a non skid sole. This style is also available in 3.5 ¬† inches, 2.25 inches and a 2 inch block heel. Size Chart"
"stoffa_7536609689759","Classic K Flats Black","Flats",3900,78,98,"Black / 36 / Vegan Material; Black / 37 / Vegan Material; Black / 38 / Vegan Material; Black / 39 / Vegan Material; Black / 40 / Vegan Material; Black / 41 / Vegan Material; Antique gold / 36 / Vegan Material; Antique gold / 37 / Vegan Material; Antique gold / 38 / Vegan Material; Antique gold / 39 / Vegan Material; Antique gold / 40 / Vegan Material; Antique gold / 41 / Vegan Material; Gold / 36 / Vegan Material; Gold / 37 / Vegan Material; Gold / 38 / Vegan Material; Gold / 39 / Vegan Material; Gold / 40 / Vegan Material; Gold / 41 / Vegan Material; Silver / 36 / Vegan Material; Silver / 37 / Vegan Material; Silver / 38 / Vegan Material; Silver / 39 / Vegan Material; Silver / 40 / Vegan Material; Silver / 41 / Vegan Material; Camel / 36 / Vegan Material; Camel / 37 / Vegan Material; Camel / 38 / Vegan Material; Camel / 39 / Vegan Material; Camel / 40 / Vegan Material; Camel / 41 / Vegan Material","Handcrafted vegan leather upper, metallic cord braiding, signature dual-density memory foam footbed, anti-slip rubber sole.","Our signature hand crafted K flats in 1 inch kolhapuri inspired flats. A neutral shade expressed in a traditional format creates a classic and versatile pair suitable for any occasion. Comfortable and light weight, this pair comes with a non skid sole. This style is also available in 3.5 ¬† inches, 2.25 inches and a 2 inch block heel. Size Chart"
"stoffa_7536608739487","Classic K Flats Antique Gold","Flats",3900,78,98,"Antique gold / 36 / Vegan Material; Antique gold / 37 / Vegan Material; Antique gold / 38 / Vegan Material; Antique gold / 39 / Vegan Material; Antique gold / 40 / Vegan Material; Antique gold / 41 / Vegan Material; Gold / 36 / Vegan Material; Gold / 37 / Vegan Material; Gold / 38 / Vegan Material; Gold / 39 / Vegan Material; Gold / 40 / Vegan Material; Gold / 41 / Vegan Material; Silver / 36 / Vegan Material; Silver / 37 / Vegan Material; Silver / 38 / Vegan Material; Silver / 39 / Vegan Material; Silver / 40 / Vegan Material; Silver / 41 / Vegan Material; Camel / 36 / Vegan Material; Camel / 37 / Vegan Material; Camel / 38 / Vegan Material; Camel / 39 / Vegan Material; Camel / 40 / Vegan Material; Camel / 41 / Vegan Material; Black / 36 / Vegan Material; Black / 37 / Vegan Material; Black / 38 / Vegan Material; Black / 39 / Vegan Material; Black / 40 / Vegan Material; Black / 41 / Vegan Material","Handcrafted vegan leather upper, metallic cord braiding, signature dual-density memory foam footbed, anti-slip rubber sole.","Our signature hand crafted K flats in 1 inch kolhapuri inspired flats. Metallic shades intermingle to create a classic and versatile pair suitable for any occasion. Comfortable and light weight, this pair comes with a non skid sole. This style is also available in 3.5 ¬† inches, 2.25 inches and a 2 inch block heel. Size Chart"
"stoffa_7536607527071","Classic K Flats Silver","Flats",3900,78,98,"Silver / 36 / Vegan Material; Silver / 37 / Vegan Material; Silver / 38 / Vegan Material; Silver / 39 / Vegan Material; Silver / 40 / Vegan Material; Silver / 41 / Vegan Material; Gold / 36 / Vegan Material; Gold / 37 / Vegan Material; Gold / 38 / Vegan Material; Gold / 39 / Vegan Material; Gold / 40 / Vegan Material; Gold / 41 / Vegan Material; Camel / 36 / Vegan Material; Camel / 37 / Vegan Material; Camel / 38 / Vegan Material; Camel / 39 / Vegan Material; Camel / 40 / Vegan Material; Camel / 41 / Vegan Material; Antique gold / 36 / Vegan Material; Antique gold / 37 / Vegan Material; Antique gold / 38 / Vegan Material; Antique gold / 39 / Vegan Material; Antique gold / 40 / Vegan Material; Antique gold / 41 / Vegan Material; Black / 36 / Vegan Material; Black / 37 / Vegan Material; Black / 38 / Vegan Material; Black / 39 / Vegan Material; Black / 40 / Vegan Material; Black / 41 / Vegan Material","Handcrafted vegan leather upper, metallic cord braiding, signature dual-density memory foam footbed, anti-slip rubber sole.","Our signature hand crafted K flats in 1 inch kolhapuri inspired flats. Metallic shades intermingle to create a classic and versatile pair suitable for any occasion. Comfortable and light weight, this pair comes with a non skid sole. This style is also available in 4.5 inches, 3.5 ¬† ¬† inches, 2.25 inches and a 2 inch block heel."
"stoffa_7535440527519","Tassel K Flats Taupe","Flats",4000,80,100,"Taupe / 36 / Vegan Leather; Taupe / 37 / Vegan Leather; Taupe / 38 / Vegan Leather; Taupe / 39 / Vegan Leather; Taupe / 40 / Vegan Leather; Taupe / 41 / Vegan Leather; Champagne / 36 / Vegan Leather; Champagne / 37 / Vegan Leather; Champagne / 38 / Vegan Leather; Champagne / 39 / Vegan Leather; Champagne / 40 / Vegan Leather; Champagne / 41 / Vegan Leather; Silver / 36 / Vegan Leather; Silver / 37 / Vegan Leather; Silver / 38 / Vegan Leather; Silver / 39 / Vegan Leather; Silver / 40 / Vegan Leather; Silver / 41 / Vegan Leather","Handcrafted vegan leather upper, metallic cord braiding, signature dual-density memory foam footbed, anti-slip rubber sole.","What's not to love about these braided multi tassel K flats? Intricate craftsmanship and a soft padded base make these flats comfortable all day and night long! You're spoilt for choice with 3 options in Champagne, Silver and Taupe! Fits small in size, take a size bigger than normal. Size Chart"
"stoffa_7535440429215","Tassel K Flats Champagne","Flats",4000,80,100,"Champagne / 36 / Vegan Leather; Champagne / 37 / Vegan Leather; Champagne / 38 / Vegan Leather; Champagne / 39 / Vegan Leather; Champagne / 40 / Vegan Leather; Champagne / 41 / Vegan Leather; Silver / 36 / Vegan Leather; Silver / 37 / Vegan Leather; Silver / 38 / Vegan Leather; Silver / 39 / Vegan Leather; Silver / 40 / Vegan Leather; Silver / 41 / Vegan Leather; Taupe / 36 / Vegan Leather; Taupe / 37 / Vegan Leather; Taupe / 38 / Vegan Leather; Taupe / 39 / Vegan Leather; Taupe / 40 / Vegan Leather; Taupe / 41 / Vegan Leather","Handcrafted vegan leather upper, metallic cord braiding, signature dual-density memory foam footbed, anti-slip rubber sole.","What's not to love about these braided multi tassel K flats? Intricate craftsmanship and a soft padded base make these flats comfortable all day and night long! You're spoilt for choice with 3 options in Champagne, Silver and Taupe! Fits small in size, take a size bigger than normal. Size Chart"
"stoffa_7535435612319","Classic K Flats Dark Grey","Flats",3900,78,98,"D. Grey / 36 / Vegan Leather; D. Grey / 37 / Vegan Leather; D. Grey / 38 / Vegan Leather; D. Grey / 39 / Vegan Leather; D. Grey / 40 / Vegan Leather; D. Grey / 41 / Vegan Leather; Ink / 36 / Vegan Leather; Ink / 37 / Vegan Leather; Ink / 38 / Vegan Leather; Ink / 39 / Vegan Leather; Ink / 40 / Vegan Leather; Ink / 41 / Vegan Leather; Chocolate / 36 / Vegan Leather; Chocolate / 37 / Vegan Leather; Chocolate / 38 / Vegan Leather; Chocolate / 39 / Vegan Leather; Chocolate / 40 / Vegan Leather; Chocolate / 41 / Vegan Leather; Navy / 36 / Vegan Leather; Navy / 37 / Vegan Leather; Navy / 38 / Vegan Leather; Navy / 39 / Vegan Leather; Navy / 40 / Vegan Leather; Navy / 41 / Vegan Leather","Handcrafted vegan leather upper, metallic cord braiding, signature dual-density memory foam footbed, anti-slip rubber sole.","Our signature Kolhapuri inspired flats in a range of subtle and elegant matte shades is perfect for any attire. Comfortable and light weight, this pair comes with a non-skid sole. This style is ¬† also available in 3.5 inch, 2.1/4 inch and 2 inch block heel. Size Chart"
"stoffa_7535435350175","Classic K Flats Ink","Flats",3900,78,98,"Ink / 36 / Vegan Leather; Ink / 37 / Vegan Leather; Ink / 38 / Vegan Leather; Ink / 39 / Vegan Leather; Ink / 40 / Vegan Leather; Ink / 41 / Vegan Leather; Chocolate / 36 / Vegan Leather; Chocolate / 37 / Vegan Leather; Chocolate / 38 / Vegan Leather; Chocolate / 39 / Vegan Leather; Chocolate / 40 / Vegan Leather; Chocolate / 41 / Vegan Leather; Navy / 36 / Vegan Leather; Navy / 37 / Vegan Leather; Navy / 38 / Vegan Leather; Navy / 39 / Vegan Leather; Navy / 40 / Vegan Leather; Navy / 41 / Vegan Leather; D. Grey / 36 / Vegan Leather; D. Grey / 37 / Vegan Leather; D. Grey / 38 / Vegan Leather; D. Grey / 39 / Vegan Leather; D. Grey / 40 / Vegan Leather; D. Grey / 41 / Vegan Leather","Handcrafted vegan leather upper, metallic cord braiding, signature dual-density memory foam footbed, anti-slip rubber sole.","Our signature Kolhapuri inspired flats in a range of subtle and elegant matte shades is perfect for any attire. Comfortable and light weight, this pair comes with a non-skid sole. This style is ¬† also available in 3.5 inch, 2.1/4 inch and 2 inch block heel. Size Chart"
"stoffa_7535434727583","Classic K Flats Chocolate","Flats",3900,78,98,"Chocolate / 36 / Vegan Leather; Chocolate / 37 / Vegan Leather; Chocolate / 38 / Vegan Leather; Chocolate / 39 / Vegan Leather; Chocolate / 40 / Vegan Leather; Chocolate / 41 / Vegan Leather; Navy / 36 / Vegan Leather; Navy / 37 / Vegan Leather; Navy / 38 / Vegan Leather; Navy / 39 / Vegan Leather; Navy / 40 / Vegan Leather; Navy / 41 / Vegan Leather; Ink / 36 / Vegan Leather; Ink / 37 / Vegan Leather; Ink / 38 / Vegan Leather; Ink / 39 / Vegan Leather; Ink / 40 / Vegan Leather; Ink / 41 / Vegan Leather; D. Grey / 36 / Vegan Leather; D. Grey / 37 / Vegan Leather; D. Grey / 38 / Vegan Leather; D. Grey / 39 / Vegan Leather; D. Grey / 40 / Vegan Leather; D. Grey / 41 / Vegan Leather","Handcrafted vegan leather upper, metallic cord braiding, signature dual-density memory foam footbed, anti-slip rubber sole.","Our signature Kolhapuri inspired flats in a range of subtle and elegant matte shades is perfect for any attire. Comfortable and light weight, this pair comes with a non-skid sole. This style is ¬† also available in 3.5 inch, 2.1/4 inch and 2 inch block heel. Size Chart"
"stoffa_7535363784863","Crystal Low Wedge Champagne","Low Wedges - 2.5 inch",4700,94,118,"Champagne / 36 / Vegan Leather; Champagne / 37 / Vegan Leather; Champagne / 38 / Vegan Leather; Champagne / 39 / Vegan Leather; Champagne / 40 / Vegan Leather; Champagne / 41 / Vegan Leather; Matte Silver / 36 / Vegan Leather; Matte Silver / 37 / Vegan Leather; Matte Silver / 38 / Vegan Leather; Matte Silver / 39 / Vegan Leather; Matte Silver / 40 / Vegan Leather; Matte Silver / 41 / Vegan Leather","Handcrafted vegan leather upper, metallic cord braiding, signature dual-density memory foam footbed, anti-slip rubber sole.","Pair our stylish crystal braided 2.25"" wedges with any formal and festive attire! The crystal embellishment blends beautifully with classic champagne or with matte silver to give you 2 elegant options. Also available in a 3.5‚Äù wedge. Size Chart"
"stoffa_7535357231263","Classic Low K Wedge Maroon","Low Wedges - 2.5 inch",4100,82,103,"Maroon / 36 / Vegan Leather; Maroon / 37 / Vegan Leather; Maroon / 38 / Vegan Leather; Maroon / 39 / Vegan Leather; Maroon / 40 / Vegan Leather; Maroon / 41 / Vegan Leather; Ink / 36 / Vegan Leather; Ink / 37 / Vegan Leather; Ink / 38 / Vegan Leather; Ink / 39 / Vegan Leather; Ink / 40 / Vegan Leather; Ink / 41 / Vegan Leather; Black / 36 / Vegan Leather; Black / 37 / Vegan Leather; Black / 38 / Vegan Leather; Black / 39 / Vegan Leather; Black / 40 / Vegan Leather; Black / 41 / Vegan Leather; Chocolate / 36 / Vegan Leather; Chocolate / 37 / Vegan Leather; Chocolate / 38 / Vegan Leather; Chocolate / 39 / Vegan Leather; Chocolate / 40 / Vegan Leather; Chocolate / 41 / Vegan Leather; Rose Antique / 36 / Vegan Leather; Rose Antique / 37 / Vegan Leather; Rose Antique / 38 / Vegan Leather; Rose Antique / 39 / Vegan Leather; Rose Antique / 40 / Vegan Leather; Rose Antique / 41 / Vegan Leather; Slate / 36 / Vegan Leather; Slate / 37 / Vegan Leather; Slate / 38 / Vegan Leather; Slate / 39 / Vegan Leather; Slate / 40 / Vegan Leather; Slate / 41 / Vegan Leather; Navy / 36 / Vegan Leather; Navy / 37 / Vegan Leather; Navy / 38 / Vegan Leather; Navy / 39 / Vegan Leather; Navy / 40 / Vegan Leather; Navy / 41 / Vegan Leather; Taupe / 36 / Vegan Leather; Taupe / 37 / Vegan Leather; Taupe / 38 / Vegan Leather; Taupe / 39 / Vegan Leather; Taupe / 40 / Vegan Leather; Taupe / 41 / Vegan Leather; Dark Grey / 36 / Vegan Leather; Dark Grey / 37 / Vegan Leather; Dark Grey / 38 / Vegan Leather; Dark Grey / 39 / Vegan Leather; Dark Grey / 40 / Vegan Leather; Dark Grey / 41 / Vegan Leather","Handcrafted vegan leather upper, metallic cord braiding, signature dual-density memory foam footbed, anti-slip rubber sole.","Our signature hand crafted 2 and a quarter inch kolhapuri inspired low wedge. In a range of subtle and elegant matte shades, it is a perfect match for any attire. Comfortable and light weight, this pair comes with a rubber non skid sole. This style is also available in 3.5 inches, a 2 inch block heel, and as flats. Size Chart"
"stoffa_7535356313759","Classic Low K Wedge Black","Low Wedges - 2.5 inch",4100,82,103,"Black / 36 / Vegan Leather; Black / 37 / Vegan Leather; Black / 38 / Vegan Leather; Black / 39 / Vegan Leather; Black / 40 / Vegan Leather; Black / 41 / Vegan Leather; Chocolate / 36 / Vegan Leather; Chocolate / 37 / Vegan Leather; Chocolate / 38 / Vegan Leather; Chocolate / 39 / Vegan Leather; Chocolate / 40 / Vegan Leather; Chocolate / 41 / Vegan Leather; Rose Antique / 36 / Vegan Leather; Rose Antique / 37 / Vegan Leather; Rose Antique / 38 / Vegan Leather; Rose Antique / 39 / Vegan Leather; Rose Antique / 40 / Vegan Leather; Rose Antique / 41 / Vegan Leather; Blush / 36 / Vegan Leather; Blush / 37 / Vegan Leather; Blush / 38 / Vegan Leather; Blush / 39 / Vegan Leather; Blush / 40 / Vegan Leather; Blush / 41 / Vegan Leather; Slate / 36 / Vegan Leather; Slate / 37 / Vegan Leather; Slate / 38 / Vegan Leather; Slate / 39 / Vegan Leather; Slate / 40 / Vegan Leather; Slate / 41 / Vegan Leather; Navy / 36 / Vegan Leather; Navy / 37 / Vegan Leather; Navy / 38 / Vegan Leather; Navy / 39 / Vegan Leather; Navy / 40 / Vegan Leather; Navy / 41 / Vegan Leather; Taupe / 36 / Vegan Leather; Taupe / 37 / Vegan Leather; Taupe / 38 / Vegan Leather; Taupe / 39 / Vegan Leather; Taupe / 40 / Vegan Leather; Taupe / 41 / Vegan Leather; Olive / 36 / Vegan Leather; Olive / 37 / Vegan Leather; Olive / 38 / Vegan Leather; Olive / 39 / Vegan Leather; Olive / 40 / Vegan Leather; Olive / 41 / Vegan Leather; Ink / 36 / Vegan Leather; Ink / 37 / Vegan Leather; Ink / 38 / Vegan Leather; Ink / 39 / Vegan Leather; Ink / 40 / Vegan Leather; Ink / 41 / Vegan Leather; Maroon / 36 / Vegan Leather; Maroon / 37 / Vegan Leather; Maroon / 38 / Vegan Leather; Maroon / 39 / Vegan Leather; Maroon / 40 / Vegan Leather; Maroon / 41 / Vegan Leather; Dark Grey / 36 / Vegan Leather; Dark Grey / 37 / Vegan Leather; Dark Grey / 38 / Vegan Leather; Dark Grey / 39 / Vegan Leather; Dark Grey / 40 / Vegan Leather; Dark Grey / 41 / Vegan Leather","Handcrafted vegan leather upper, metallic cord braiding, signature dual-density memory foam footbed, anti-slip rubber sole.","Our signature hand crafted 2 and a quarter inch kolhapuri inspired low wedge. In a range of subtle and elegant matte shades, it is a perfect match for any attire. Comfortable and light weight, this pair comes with a rubber non skid sole. This style is also available in 3.5 inches, a 2 inch block heel, and as flats. Size Chart"
"stoffa_7535356084383","Classic Low K Wedge Chocolate","Low Wedges - 2.5 inch",4100,82,103,"Chocolate / 36 / Vegan Leather; Chocolate / 37 / Vegan Leather; Chocolate / 38 / Vegan Leather; Chocolate / 39 / Vegan Leather; Chocolate / 40 / Vegan Leather; Chocolate / 41 / Vegan Leather; Rose Antique / 36 / Vegan Leather; Rose Antique / 37 / Vegan Leather; Rose Antique / 38 / Vegan Leather; Rose Antique / 39 / Vegan Leather; Rose Antique / 40 / Vegan Leather; Rose Antique / 41 / Vegan Leather; Slate / 36 / Vegan Leather; Slate / 37 / Vegan Leather; Slate / 38 / Vegan Leather; Slate / 39 / Vegan Leather; Slate / 40 / Vegan Leather; Slate / 41 / Vegan Leather; Navy / 36 / Vegan Leather; Navy / 37 / Vegan Leather; Navy / 38 / Vegan Leather; Navy / 39 / Vegan Leather; Navy / 40 / Vegan Leather; Navy / 41 / Vegan Leather; Taupe / 36 / Vegan Leather; Taupe / 37 / Vegan Leather; Taupe / 38 / Vegan Leather; Taupe / 39 / Vegan Leather; Taupe / 40 / Vegan Leather; Taupe / 41 / Vegan Leather; Black / 36 / Vegan Leather; Black / 37 / Vegan Leather; Black / 38 / Vegan Leather; Black / 39 / Vegan Leather; Black / 40 / Vegan Leather; Black / 41 / Vegan Leather; Ink / 36 / Vegan Leather; Ink / 37 / Vegan Leather; Ink / 38 / Vegan Leather; Ink / 39 / Vegan Leather; Ink / 40 / Vegan Leather; Ink / 41 / Vegan Leather; Maroon / 36 / Vegan Leather; Maroon / 37 / Vegan Leather; Maroon / 38 / Vegan Leather; Maroon / 39 / Vegan Leather; Maroon / 40 / Vegan Leather; Maroon / 41 / Vegan Leather; Dark Grey / 36 / Vegan Leather; Dark Grey / 37 / Vegan Leather; Dark Grey / 38 / Vegan Leather; Dark Grey / 39 / Vegan Leather; Dark Grey / 40 / Vegan Leather; Dark Grey / 41 / Vegan Leather","Handcrafted vegan leather upper, metallic cord braiding, signature dual-density memory foam footbed, anti-slip rubber sole.","Our signature hand crafted 2 and a quarter inch kolhapuri inspired low wedge. In a range of subtle and elegant matte shades, it is a perfect match for any attire. Comfortable and light weight, this pair comes with a rubber non skid sole. This style is also available in 3.5 inches, a 2 inch block heel, and as flats. Size Chart"
"stoffa_7535353757855","Classic Low K Wedge Maroon","Low Wedges - 2.5 inch",4100,82,103,"Maroon / 36 / Vegan Leather; Maroon / 37 / Vegan Leather; Maroon / 38 / Vegan Leather; Maroon / 39 / Vegan Leather; Maroon / 40 / Vegan Leather; Maroon / 41 / Vegan Leather; Camel / 36 / Vegan Leather; Camel / 37 / Vegan Leather; Camel / 38 / Vegan Leather; Camel / 39 / Vegan Leather; Camel / 40 / Vegan Leather; Camel / 41 / Vegan Leather; Rose Gold / 36 / Vegan Leather; Rose Gold / 37 / Vegan Leather; Rose Gold / 38 / Vegan Leather; Rose Gold / 39 / Vegan Leather; Rose Gold / 40 / Vegan Leather; Rose Gold / 41 / Vegan Leather; Pewter / 36 / Vegan Leather; Pewter / 37 / Vegan Leather; Pewter / 38 / Vegan Leather; Pewter / 39 / Vegan Leather; Pewter / 40 / Vegan Leather; Pewter / 41 / Vegan Leather; Gold / 36 / Vegan Leather; Gold / 37 / Vegan Leather; Gold / 38 / Vegan Leather; Gold / 39 / Vegan Leather; Gold / 40 / Vegan Leather; Gold / 41 / Vegan Leather; Silver / 36 / Vegan Leather; Silver / 37 / Vegan Leather; Silver / 38 / Vegan Leather; Silver / 39 / Vegan Leather; Silver / 40 / Vegan Leather; Silver / 41 / Vegan Leather; Champagne / 36 / Vegan Leather; Champagne / 37 / Vegan Leather; Champagne / 38 / Vegan Leather; Champagne / 39 / Vegan Leather; Champagne / 40 / Vegan Leather; Champagne / 41 / Vegan Leather; Taupe / 36 / Vegan Leather; Taupe / 37 / Vegan Leather; Taupe / 38 / Vegan Leather; Taupe / 39 / Vegan Leather; Taupe / 40 / Vegan Leather; Taupe / 41 / Vegan Leather; Antique gold / 36 / Vegan Leather; Antique gold / 37 / Vegan Leather; Antique gold / 38 / Vegan Leather; Antique gold / 39 / Vegan Leather; Antique gold / 40 / Vegan Leather; Antique gold / 41 / Vegan Leather; Black / 36 / Vegan Leather; Black / 37 / Vegan Leather; Black / 38 / Vegan Leather; Black / 39 / Vegan Leather; Black / 40 / Vegan Leather; Black / 41 / Vegan Leather","Handcrafted vegan leather upper, metallic cord braiding, signature dual-density memory foam footbed, anti-slip rubber sole.","Our signature hand crafted 2 and a quarter inch kolhapuri inspired low wedge. A neutral shade expressed in a traditional format creates a classic and versatile pair suitable for any occasion. Comfortable and light weight, this pair comes with a rubber non skid sole. This style is also available in 3.5 inches, a 2 inch block heel and as flats. Size Chart"
"stoffa_7535334916255","Classic Low K Wedge Antique Gold","Low Wedges - 2.5 inch",4100,82,103,"Antique gold / 36 / Vegan Leather; Antique gold / 37 / Vegan Leather; Antique gold / 38 / Vegan Leather; Antique gold / 39 / Vegan Leather; Antique gold / 40 / Vegan Leather; Antique gold / 41 / Vegan Leather; Camel / 36 / Vegan Leather; Camel / 37 / Vegan Leather; Camel / 38 / Vegan Leather; Camel / 39 / Vegan Leather; Camel / 40 / Vegan Leather; Camel / 41 / Vegan Leather; Rose Gold / 36 / Vegan Leather; Rose Gold / 37 / Vegan Leather; Rose Gold / 38 / Vegan Leather; Rose Gold / 39 / Vegan Leather; Rose Gold / 40 / Vegan Leather; Rose Gold / 41 / Vegan Leather; Pewter / 36 / Vegan Leather; Pewter / 37 / Vegan Leather; Pewter / 38 / Vegan Leather; Pewter / 39 / Vegan Leather; Pewter / 40 / Vegan Leather; Pewter / 41 / Vegan Leather; Gold / 36 / Vegan Leather; Gold / 37 / Vegan Leather; Gold / 38 / Vegan Leather; Gold / 39 / Vegan Leather; Gold / 40 / Vegan Leather; Gold / 41 / Vegan Leather; Silver / 36 / Vegan Leather; Silver / 37 / Vegan Leather; Silver / 38 / Vegan Leather; Silver / 39 / Vegan Leather; Silver / 40 / Vegan Leather; Silver / 41 / Vegan Leather; Champagne / 36 / Vegan Leather; Champagne / 37 / Vegan Leather; Champagne / 38 / Vegan Leather; Champagne / 39 / Vegan Leather; Champagne / 40 / Vegan Leather; Champagne / 41 / Vegan Leather; Taupe / 36 / Vegan Leather; Taupe / 37 / Vegan Leather; Taupe / 38 / Vegan Leather; Taupe / 39 / Vegan Leather; Taupe / 40 / Vegan Leather; Taupe / 41 / Vegan Leather; Black / 36 / Vegan Leather; Black / 37 / Vegan Leather; Black / 38 / Vegan Leather; Black / 39 / Vegan Leather; Black / 40 / Vegan Leather; Black / 41 / Vegan Leather; Maroon / 36 / Vegan Leather; Maroon / 37 / Vegan Leather; Maroon / 38 / Vegan Leather; Maroon / 39 / Vegan Leather; Maroon / 40 / Vegan Leather; Maroon / 41 / Vegan Leather","Handcrafted vegan leather upper, metallic cord braiding, signature dual-density memory foam footbed, anti-slip rubber sole.","Our signature hand crafted 2 and a quarter inch kolhapuri inspired low wedge. A neutral shade expressed in a traditional format creates a classic and versatile pair suitable for any occasion. Comfortable and light weight, this pair comes with a rubber non skid sole. This style is also available in 3.5 inches, a 2 inch block heel and as flats. Size Chart"
"stoffa_7535333605535","Classic Low K Wedge Taupe","Low Wedges - 2.5 inch",4100,82,103,"Taupe / 36 / Vegan Leather; Taupe / 37 / Vegan Leather; Taupe / 38 / Vegan Leather; Taupe / 39 / Vegan Leather; Taupe / 40 / Vegan Leather; Taupe / 41 / Vegan Leather; Camel / 36 / Vegan Leather; Camel / 37 / Vegan Leather; Camel / 38 / Vegan Leather; Camel / 39 / Vegan Leather; Camel / 40 / Vegan Leather; Camel / 41 / Vegan Leather; Rose Gold / 36 / Vegan Leather; Rose Gold / 37 / Vegan Leather; Rose Gold / 38 / Vegan Leather; Rose Gold / 39 / Vegan Leather; Rose Gold / 40 / Vegan Leather; Rose Gold / 41 / Vegan Leather; Pewter / 36 / Vegan Leather; Pewter / 37 / Vegan Leather; Pewter / 38 / Vegan Leather; Pewter / 39 / Vegan Leather; Pewter / 40 / Vegan Leather; Pewter / 41 / Vegan Leather; Gold / 36 / Vegan Leather; Gold / 37 / Vegan Leather; Gold / 38 / Vegan Leather; Gold / 39 / Vegan Leather; Gold / 40 / Vegan Leather; Gold / 41 / Vegan Leather; Silver / 36 / Vegan Leather; Silver / 37 / Vegan Leather; Silver / 38 / Vegan Leather; Silver / 39 / Vegan Leather; Silver / 40 / Vegan Leather; Silver / 41 / Vegan Leather; Champagne / 36 / Vegan Leather; Champagne / 37 / Vegan Leather; Champagne / 38 / Vegan Leather; Champagne / 39 / Vegan Leather; Champagne / 40 / Vegan Leather; Champagne / 41 / Vegan Leather; Antique gold / 36 / Vegan Leather; Antique gold / 37 / Vegan Leather; Antique gold / 38 / Vegan Leather; Antique gold / 39 / Vegan Leather; Antique gold / 40 / Vegan Leather; Antique gold / 41 / Vegan Leather; Black / 36 / Vegan Leather; Black / 37 / Vegan Leather; Black / 38 / Vegan Leather; Black / 39 / Vegan Leather; Black / 40 / Vegan Leather; Black / 41 / Vegan Leather; Maroon / 36 / Vegan Leather; Maroon / 37 / Vegan Leather; Maroon / 38 / Vegan Leather; Maroon / 39 / Vegan Leather; Maroon / 40 / Vegan Leather; Maroon / 41 / Vegan Leather","Handcrafted vegan leather upper, metallic cord braiding, signature dual-density memory foam footbed, anti-slip rubber sole.","Our signature hand crafted 2 and a quarter inch kolhapuri inspired low wedge. A neutral shade expressed in a traditional format creates a classic and versatile pair suitable for any occasion. Comfortable and light weight, this pair comes with a rubber non skid sole. This style is also available in 3.5 inches, a 2 inch block heel and as flats. Size Chart"
"stoffa_7535332393119","Classic Low K Wedge Camel","Low Wedges - 2.5 inch",4100,82,103,"Camel / 36 / Vegan Leather; Camel / 37 / Vegan Leather; Camel / 38 / Vegan Leather; Camel / 39 / Vegan Leather; Camel / 40 / Vegan Leather; Camel / 41 / Vegan Leather; Rose Gold / 36 / Vegan Leather; Rose Gold / 37 / Vegan Leather; Rose Gold / 38 / Vegan Leather; Rose Gold / 39 / Vegan Leather; Rose Gold / 40 / Vegan Leather; Rose Gold / 41 / Vegan Leather; Pewter / 36 / Vegan Leather; Pewter / 37 / Vegan Leather; Pewter / 38 / Vegan Leather; Pewter / 39 / Vegan Leather; Pewter / 40 / Vegan Leather; Pewter / 41 / Vegan Leather; Gold / 36 / Vegan Leather; Gold / 37 / Vegan Leather; Gold / 38 / Vegan Leather; Gold / 39 / Vegan Leather; Gold / 40 / Vegan Leather; Gold / 41 / Vegan Leather; Silver / 36 / Vegan Leather; Silver / 37 / Vegan Leather; Silver / 38 / Vegan Leather; Silver / 39 / Vegan Leather; Silver / 40 / Vegan Leather; Silver / 41 / Vegan Leather; Champagne / 36 / Vegan Leather; Champagne / 37 / Vegan Leather; Champagne / 38 / Vegan Leather; Champagne / 39 / Vegan Leather; Champagne / 40 / Vegan Leather; Champagne / 41 / Vegan Leather; Taupe / 36 / Vegan Leather; Taupe / 37 / Vegan Leather; Taupe / 38 / Vegan Leather; Taupe / 39 / Vegan Leather; Taupe / 40 / Vegan Leather; Taupe / 41 / Vegan Leather; Antique gold / 36 / Vegan Leather; Antique gold / 37 / Vegan Leather; Antique gold / 38 / Vegan Leather; Antique gold / 39 / Vegan Leather; Antique gold / 40 / Vegan Leather; Antique gold / 41 / Vegan Leather; Black / 36 / Vegan Leather; Black / 37 / Vegan Leather; Black / 38 / Vegan Leather; Black / 39 / Vegan Leather; Black / 40 / Vegan Leather; Black / 41 / Vegan Leather; Maroon / 36 / Vegan Leather; Maroon / 37 / Vegan Leather; Maroon / 38 / Vegan Leather; Maroon / 39 / Vegan Leather; Maroon / 40 / Vegan Leather; Maroon / 41 / Vegan Leather","Handcrafted vegan leather upper, metallic cord braiding, signature dual-density memory foam footbed, anti-slip rubber sole.","Our signature hand crafted 2 and a quarter inch kolhapuri inspired low wedge. A neutral shade expressed in a traditional format creates a classic and versatile pair suitable for any occasion. Comfortable and light weight, this pair comes with a rubber non skid sole. This style is also available in 3.5 inches, a 2 inch block heel and as flats. Size Chart"
"stoffa_7535330721951","Classic Low K Wedge Rose Gold","Low Wedges - 2.5 inch",4100,82,103,"Rose Gold / 36 / Vegan Leather; Rose Gold / 37 / Vegan Leather; Rose Gold / 38 / Vegan Leather; Rose Gold / 39 / Vegan Leather; Rose Gold / 40 / Vegan Leather; Rose Gold / 41 / Vegan Leather; Pewter / 36 / Vegan Leather; Pewter / 37 / Vegan Leather; Pewter / 38 / Vegan Leather; Pewter / 39 / Vegan Leather; Pewter / 40 / Vegan Leather; Pewter / 41 / Vegan Leather; Gold / 36 / Vegan Leather; Gold / 37 / Vegan Leather; Gold / 38 / Vegan Leather; Gold / 39 / Vegan Leather; Gold / 40 / Vegan Leather; Gold / 41 / Vegan Leather; Silver / 36 / Vegan Leather; Silver / 37 / Vegan Leather; Silver / 38 / Vegan Leather; Silver / 39 / Vegan Leather; Silver / 40 / Vegan Leather; Silver / 41 / Vegan Leather; Champagne / 36 / Vegan Leather; Champagne / 37 / Vegan Leather; Champagne / 38 / Vegan Leather; Champagne / 39 / Vegan Leather; Champagne / 40 / Vegan Leather; Champagne / 41 / Vegan Leather; Camel / 36 / Vegan Leather; Camel / 37 / Vegan Leather; Camel / 38 / Vegan Leather; Camel / 39 / Vegan Leather; Camel / 40 / Vegan Leather; Camel / 41 / Vegan Leather; Taupe / 36 / Vegan Leather; Taupe / 37 / Vegan Leather; Taupe / 38 / Vegan Leather; Taupe / 39 / Vegan Leather; Taupe / 40 / Vegan Leather; Taupe / 41 / Vegan Leather; Antique gold / 36 / Vegan Leather; Antique gold / 37 / Vegan Leather; Antique gold / 38 / Vegan Leather; Antique gold / 39 / Vegan Leather; Antique gold / 40 / Vegan Leather; Antique gold / 41 / Vegan Leather; Black / 36 / Vegan Leather; Black / 37 / Vegan Leather; Black / 38 / Vegan Leather; Black / 39 / Vegan Leather; Black / 40 / Vegan Leather; Black / 41 / Vegan Leather; Maroon / 36 / Vegan Leather; Maroon / 37 / Vegan Leather; Maroon / 38 / Vegan Leather; Maroon / 39 / Vegan Leather; Maroon / 40 / Vegan Leather; Maroon / 41 / Vegan Leather","Handcrafted vegan leather upper, metallic cord braiding, signature dual-density memory foam footbed, anti-slip rubber sole.","Our signature hand crafted 2 and a quarter inch kolhapuri inspired low wedge. Metallic shades intermingle to create a classic and versatile pair suitable for any occasion. Comfortable and light weight, this pair comes with a rubber non skid sole. This style is also available in 4.5 inches, 3.5 ¬† inches, a 2 inch block heel and as flats. Size Chart"
"stoffa_7535329378463","Classic Low K Wedge Rose Antique","Low Wedges - 2.5 inch",4100,82,103,"Rose Antique / 36 / Vegan Leather; Rose Antique / 37 / Vegan Leather; Rose Antique / 38 / Vegan Leather; Rose Antique / 39 / Vegan Leather; Rose Antique / 40 / Vegan Leather; Rose Antique / 41 / Vegan Leather; Slate / 36 / Vegan Leather; Slate / 37 / Vegan Leather; Slate / 38 / Vegan Leather; Slate / 39 / Vegan Leather; Slate / 40 / Vegan Leather; Slate / 41 / Vegan Leather; Navy / 36 / Vegan Leather; Navy / 37 / Vegan Leather; Navy / 38 / Vegan Leather; Navy / 39 / Vegan Leather; Navy / 40 / Vegan Leather; Navy / 41 / Vegan Leather; Taupe / 36 / Vegan Leather; Taupe / 37 / Vegan Leather; Taupe / 38 / Vegan Leather; Taupe / 39 / Vegan Leather; Taupe / 40 / Vegan Leather; Taupe / 41 / Vegan Leather; Chocolate / 36 / Vegan Leather; Chocolate / 37 / Vegan Leather; Chocolate / 38 / Vegan Leather; Chocolate / 39 / Vegan Leather; Chocolate / 40 / Vegan Leather; Chocolate / 41 / Vegan Leather; Black / 36 / Vegan Leather; Black / 37 / Vegan Leather; Black / 38 / Vegan Leather; Black / 39 / Vegan Leather; Black / 40 / Vegan Leather; Black / 41 / Vegan Leather; Ink / 36 / Vegan Leather; Ink / 37 / Vegan Leather; Ink / 38 / Vegan Leather; Ink / 39 / Vegan Leather; Ink / 40 / Vegan Leather; Ink / 41 / Vegan Leather; Maroon / 36 / Vegan Leather; Maroon / 37 / Vegan Leather; Maroon / 38 / Vegan Leather; Maroon / 39 / Vegan Leather; Maroon / 40 / Vegan Leather; Maroon / 41 / Vegan Leather; Dark Grey / 36 / Vegan Leather; Dark Grey / 37 / Vegan Leather; Dark Grey / 38 / Vegan Leather; Dark Grey / 39 / Vegan Leather; Dark Grey / 40 / Vegan Leather; Dark Grey / 41 / Vegan Leather","Handcrafted vegan leather upper, metallic cord braiding, signature dual-density memory foam footbed, anti-slip rubber sole.","Our signature hand crafted 2 and a quarter inch kolhapuri inspired low wedge. In a range of subtle and elegant matte shades, it is a perfect match for any attire. Comfortable and light weight, this pair comes with a rubber non skid sole. This style is also available in 3.5 inches, a 2 inch block heel, and as flats. Size Chart"
"stoffa_7535324168351","Classic Low K Wedge Pewter","Low Wedges - 2.5 inch",4100,82,103,"Pewter / 36 / Vegan Leather; Pewter / 37 / Vegan Leather; Pewter / 38 / Vegan Leather; Pewter / 39 / Vegan Leather; Pewter / 40 / Vegan Leather; Pewter / 41 / Vegan Leather; Gold / 36 / Vegan Leather; Gold / 37 / Vegan Leather; Gold / 38 / Vegan Leather; Gold / 39 / Vegan Leather; Gold / 40 / Vegan Leather; Gold / 41 / Vegan Leather; Silver / 36 / Vegan Leather; Silver / 37 / Vegan Leather; Silver / 38 / Vegan Leather; Silver / 39 / Vegan Leather; Silver / 40 / Vegan Leather; Silver / 41 / Vegan Leather; Champagne / 36 / Vegan Leather; Champagne / 37 / Vegan Leather; Champagne / 38 / Vegan Leather; Champagne / 39 / Vegan Leather; Champagne / 40 / Vegan Leather; Champagne / 41 / Vegan Leather; Rose Gold / 36 / Vegan Leather; Rose Gold / 37 / Vegan Leather; Rose Gold / 38 / Vegan Leather; Rose Gold / 39 / Vegan Leather; Rose Gold / 40 / Vegan Leather; Rose Gold / 41 / Vegan Leather; Camel / 36 / Vegan Leather; Camel / 37 / Vegan Leather; Camel / 38 / Vegan Leather; Camel / 39 / Vegan Leather; Camel / 40 / Vegan Leather; Camel / 41 / Vegan Leather; Taupe / 36 / Vegan Leather; Taupe / 37 / Vegan Leather; Taupe / 38 / Vegan Leather; Taupe / 39 / Vegan Leather; Taupe / 40 / Vegan Leather; Taupe / 41 / Vegan Leather; Antique gold / 36 / Vegan Leather; Antique gold / 37 / Vegan Leather; Antique gold / 38 / Vegan Leather; Antique gold / 39 / Vegan Leather; Antique gold / 40 / Vegan Leather; Antique gold / 41 / Vegan Leather; Black / 36 / Vegan Leather; Black / 37 / Vegan Leather; Black / 38 / Vegan Leather; Black / 39 / Vegan Leather; Black / 40 / Vegan Leather; Black / 41 / Vegan Leather; Maroon / 36 / Vegan Leather; Maroon / 37 / Vegan Leather; Maroon / 38 / Vegan Leather; Maroon / 39 / Vegan Leather; Maroon / 40 / Vegan Leather; Maroon / 41 / Vegan Leather","Handcrafted vegan leather upper, metallic cord braiding, signature dual-density memory foam footbed, anti-slip rubber sole.","Our signature hand crafted 2 and a quarter inch kolhapuri inspired low wedge. Metallic shades intermingle to create a classic and versatile pair suitable for any occasion. Comfortable and light weight, this pair comes with a rubber non skid sole. This style is also available in 3.5 inches, a 2 inch block heel and as flats. Size Chart"
"stoffa_7535323971743","Classic Low K Wedge Slate","Low Wedges - 2.5 inch",4100,82,103,"Slate / 36 / Vegan Leather; Slate / 37 / Vegan Leather; Slate / 38 / Vegan Leather; Slate / 39 / Vegan Leather; Slate / 40 / Vegan Leather; Slate / 41 / Vegan Leather; Navy / 36 / Vegan Leather; Navy / 37 / Vegan Leather; Navy / 38 / Vegan Leather; Navy / 39 / Vegan Leather; Navy / 40 / Vegan Leather; Navy / 41 / Vegan Leather; Taupe / 36 / Vegan Leather; Taupe / 37 / Vegan Leather; Taupe / 38 / Vegan Leather; Taupe / 39 / Vegan Leather; Taupe / 40 / Vegan Leather; Taupe / 41 / Vegan Leather; Rose Antique / 36 / Vegan Leather; Rose Antique / 37 / Vegan Leather; Rose Antique / 38 / Vegan Leather; Rose Antique / 39 / Vegan Leather; Rose Antique / 40 / Vegan Leather; Rose Antique / 41 / Vegan Leather; Chocolate / 36 / Vegan Leather; Chocolate / 37 / Vegan Leather; Chocolate / 38 / Vegan Leather; Chocolate / 39 / Vegan Leather; Chocolate / 40 / Vegan Leather; Chocolate / 41 / Vegan Leather; Black / 36 / Vegan Leather; Black / 37 / Vegan Leather; Black / 38 / Vegan Leather; Black / 39 / Vegan Leather; Black / 40 / Vegan Leather; Black / 41 / Vegan Leather; Ink / 36 / Vegan Leather; Ink / 37 / Vegan Leather; Ink / 38 / Vegan Leather; Ink / 39 / Vegan Leather; Ink / 40 / Vegan Leather; Ink / 41 / Vegan Leather; Maroon / 36 / Vegan Leather; Maroon / 37 / Vegan Leather; Maroon / 38 / Vegan Leather; Maroon / 39 / Vegan Leather; Maroon / 40 / Vegan Leather; Maroon / 41 / Vegan Leather; Dark Grey / 36 / Vegan Leather; Dark Grey / 37 / Vegan Leather; Dark Grey / 38 / Vegan Leather; Dark Grey / 39 / Vegan Leather; Dark Grey / 40 / Vegan Leather; Dark Grey / 41 / Vegan Leather","Handcrafted vegan leather upper, metallic cord braiding, signature dual-density memory foam footbed, anti-slip rubber sole.","Our signature hand crafted 2 and a quarter inch kolhapuri inspired low wedge. In a range of subtle and elegant matte shades, it is a perfect match for any attire. Comfortable and light weight, this pair comes with a rubber non skid sole. This style is also available in 3.5 inches, a 2 inch block heel, and as flats. Size Chart"
"stoffa_7535323087007","Classic Low K Wedge Champagne","Low Wedges - 2.5 inch",4100,82,103,"Champagne / 36 / Vegan Leather; Champagne / 37 / Vegan Leather; Champagne / 38 / Vegan Leather; Champagne / 39 / Vegan Leather; Champagne / 40 / Vegan Leather; Champagne / 41 / Vegan Leather; Silver / 36 / Vegan Leather; Silver / 37 / Vegan Leather; Silver / 38 / Vegan Leather; Silver / 39 / Vegan Leather; Silver / 40 / Vegan Leather; Silver / 41 / Vegan Leather; Gold / 36 / Vegan Leather; Gold / 37 / Vegan Leather; Gold / 38 / Vegan Leather; Gold / 39 / Vegan Leather; Gold / 40 / Vegan Leather; Gold / 41 / Vegan Leather; Pewter / 36 / Vegan Leather; Pewter / 37 / Vegan Leather; Pewter / 38 / Vegan Leather; Pewter / 39 / Vegan Leather; Pewter / 40 / Vegan Leather; Pewter / 41 / Vegan Leather; Rose Gold / 36 / Vegan Leather; Rose Gold / 37 / Vegan Leather; Rose Gold / 38 / Vegan Leather; Rose Gold / 39 / Vegan Leather; Rose Gold / 40 / Vegan Leather; Rose Gold / 41 / Vegan Leather; Camel / 36 / Vegan Leather; Camel / 37 / Vegan Leather; Camel / 38 / Vegan Leather; Camel / 39 / Vegan Leather; Camel / 40 / Vegan Leather; Camel / 41 / Vegan Leather; Taupe / 36 / Vegan Leather; Taupe / 37 / Vegan Leather; Taupe / 38 / Vegan Leather; Taupe / 39 / Vegan Leather; Taupe / 40 / Vegan Leather; Taupe / 41 / Vegan Leather; Antique gold / 36 / Vegan Leather; Antique gold / 37 / Vegan Leather; Antique gold / 38 / Vegan Leather; Antique gold / 39 / Vegan Leather; Antique gold / 40 / Vegan Leather; Antique gold / 41 / Vegan Leather; Black / 36 / Vegan Leather; Black / 37 / Vegan Leather; Black / 38 / Vegan Leather; Black / 39 / Vegan Leather; Black / 40 / Vegan Leather; Black / 41 / Vegan Leather; Maroon / 36 / Vegan Leather; Maroon / 37 / Vegan Leather; Maroon / 38 / Vegan Leather; Maroon / 39 / Vegan Leather; Maroon / 40 / Vegan Leather; Maroon / 41 / Vegan Leather","Handcrafted vegan leather upper, metallic cord braiding, signature dual-density memory foam footbed, anti-slip rubber sole.","Our signature hand crafted 2 and a quarter inch kolhapuri inspired low wedge. Metallic shades intermingle to create a classic and versatile pair suitable for any occasion. Comfortable and light weight, this pair comes with a rubber non skid sole. This style is also available in 4.5 inches, 3.5 inches, a 2 inch block heel and as flats. Size Chart"
"stoffa_7534876229791","Crystal Low Wedge Matte Silver","Low Wedges - 2.5 inch",4700,94,118,"Matte Silver / 36 / Vegan Leather; Matte Silver / 37 / Vegan Leather; Matte Silver / 38 / Vegan Leather; Matte Silver / 39 / Vegan Leather; Matte Silver / 40 / Vegan Leather; Matte Silver / 41 / Vegan Leather; Champagne / 36 / Vegan Leather; Champagne / 37 / Vegan Leather; Champagne / 38 / Vegan Leather; Champagne / 39 / Vegan Leather; Champagne / 40 / Vegan Leather; Champagne / 41 / Vegan Leather","Handcrafted vegan leather upper, metallic cord braiding, signature dual-density memory foam footbed, anti-slip rubber sole.","Pair our stylish crystal braided 2.25"" wedges with any formal and festive attire! The crystal embellishment blends beautifully with classic champagne or with matte silver to give you 2 elegant options. Also available in a 3.5"" wedge. Size Chart"
"stoffa_7534815379615","Multi Border Low Wedge","Low Wedges - 2.5 inch",4400,88,110,"Antique Gold / 36 / Vegan Leather; Antique Gold / 37 / Vegan Leather; Antique Gold / 38 / Vegan Leather; Antique Gold / 39 / Vegan Leather; Antique Gold / 40 / Vegan Leather; Antique Gold / 41 / Vegan Leather","Handcrafted vegan leather upper, metallic cord braiding, signature dual-density memory foam footbed, anti-slip rubber sole.","Wear this beautifully designed K wedge with all your festive wear! The 2.25"" heel is delicately adorned with rows of embroidered borders in rich antique. This style is also available in a 3.5"" and 4.5"" wedge. Size Chart"
"stoffa_7534812299423","Crystal Higher K Wedge Champagne","High wedges - 3.5 inch",5200,104,130,"Champagne / 36 / Vegan Leather; Champagne / 37 / Vegan Leather; Champagne / 38 / Vegan Leather; Champagne / 39 / Vegan Leather; Champagne / 40 / Vegan Leather; Champagne / 41 / Vegan Leather; Silver / 36 / Vegan Leather; Silver / 37 / Vegan Leather; Silver / 38 / Vegan Leather; Silver / 39 / Vegan Leather; Silver / 40 / Vegan Leather; Silver / 41 / Vegan Leather","Handcrafted vegan leather upper, metallic cord braiding, signature dual-density memory foam footbed, anti-slip rubber sole.","Our signature 4.5'' high kolhapuri inspired wedge, rendered beautifully in striking crystal. Choose between champagne or silver to get an elegant and timeless pair of formal wedges that will perfectly complement your festive attire. This style is also available in 3.5 inch, 2 and a quarter inch as well as flats. Size Chart"
"stoffa_7534770061471","Crystal High K Wedge Champagne","High wedges - 3.5 inch",4600,92,115,"Champagne / 36 / Vegan Leather; Champagne / 37 / Vegan Leather; Champagne / 38 / Vegan Leather; Champagne / 39 / Vegan Leather; Champagne / 40 / Vegan Leather; Champagne / 41 / Vegan Leather; Silver / 36 / Vegan Leather; Silver / 37 / Vegan Leather; Silver / 38 / Vegan Leather; Silver / 39 / Vegan Leather; Silver / 40 / Vegan Leather; Silver / 41 / Vegan Leather","Handcrafted vegan leather upper, metallic cord braiding, signature dual-density memory foam footbed, anti-slip rubber sole.","Our signature 3.5'' high kolhapuri inspired wedge, rendered beautifully in striking crystal. Choose between champagne or silver to get an elegant and timeless pair of formal wedges that will perfectly complement your festive attire.This style is also available in 4.5 inches, 2 and a quarter inch as well as in flats.¬† Size Chart"
"stoffa_7534764195999","Classic K Block Heel Black","Heels",4700,94,118,"Black / 36 / Vegan Leather; Black / 37 / Vegan Leather; Black / 38 / Vegan Leather; Black / 39 / Vegan Leather; Black / 40 / Vegan Leather; Black / 41 / Vegan Leather; Camel / 36 / Vegan Leather; Camel / 37 / Vegan Leather; Camel / 38 / Vegan Leather; Camel / 39 / Vegan Leather; Camel / 40 / Vegan Leather; Camel / 41 / Vegan Leather; Rose Gold / 36 / Vegan Leather; Rose Gold / 37 / Vegan Leather; Rose Gold / 38 / Vegan Leather; Rose Gold / 39 / Vegan Leather; Rose Gold / 40 / Vegan Leather; Rose Gold / 41 / Vegan Leather; Silver / 36 / Vegan Leather; Silver / 37 / Vegan Leather; Silver / 38 / Vegan Leather; Silver / 39 / Vegan Leather; Silver / 40 / Vegan Leather; Silver / 41 / Vegan Leather; Gold / 36 / Vegan Leather; Gold / 37 / Vegan Leather; Gold / 38 / Vegan Leather; Gold / 39 / Vegan Leather; Gold / 40 / Vegan Leather; Gold / 41 / Vegan Leather; Champagne / 36 / Vegan Leather; Champagne / 37 / Vegan Leather; Champagne / 38 / Vegan Leather; Champagne / 39 / Vegan Leather; Champagne / 40 / Vegan Leather; Champagne / 41 / Vegan Leather","Handcrafted vegan leather upper, metallic cord braiding, signature dual-density memory foam footbed, anti-slip rubber sole.","Our signature hand crafted 2.25 inch ¬† kolhapuri inspired block heel. A neutral shade expressed in a traditional format creates a classic and versatile pair suitable for any occasion. Comfortable and light weight, this pair comes with a non skid sole. This style is also available in 4.5 inches 3.5 inches, 2 1/4 inches, and as flats. Size Chart"
"stoffa_7534763704479","Classic K Block Heel Camel","Heels",4700,94,118,"Camel / 36 / Vegan Leather; Camel / 37 / Vegan Leather; Camel / 38 / Vegan Leather; Camel / 39 / Vegan Leather; Camel / 40 / Vegan Leather; Camel / 41 / Vegan Leather; Rose Gold / 36 / Vegan Leather; Rose Gold / 37 / Vegan Leather; Rose Gold / 38 / Vegan Leather; Rose Gold / 39 / Vegan Leather; Rose Gold / 40 / Vegan Leather; Rose Gold / 41 / Vegan Leather; Silver / 36 / Vegan Leather; Silver / 37 / Vegan Leather; Silver / 38 / Vegan Leather; Silver / 39 / Vegan Leather; Silver / 40 / Vegan Leather; Silver / 41 / Vegan Leather; Gold / 36 / Vegan Leather; Gold / 37 / Vegan Leather; Gold / 38 / Vegan Leather; Gold / 39 / Vegan Leather; Gold / 40 / Vegan Leather; Gold / 41 / Vegan Leather; Champagne / 36 / Vegan Leather; Champagne / 37 / Vegan Leather; Champagne / 38 / Vegan Leather; Champagne / 39 / Vegan Leather; Champagne / 40 / Vegan Leather; Champagne / 41 / Vegan Leather; Black / 36 / Vegan Leather; Black / 37 / Vegan Leather; Black / 38 / Vegan Leather; Black / 39 / Vegan Leather; Black / 40 / Vegan Leather; Black / 41 / Vegan Leather","Handcrafted vegan leather upper, metallic cord braiding, signature dual-density memory foam footbed, anti-slip rubber sole.","Our signature hand crafted 2.25 inch ¬† kolhapuri inspired block heel. A neutral shade expressed in a traditional format creates a classic and versatile pair suitable for any occasion. Comfortable and light weight, this pair comes with a non skid sole. This style is also available in 4.5 inches 3.5 inches, 2 1/4 inches, and as flats. Size Chart"
"stoffa_7534762754207","Classic K Block Heel Maroon","Heels",4700,94,118,"Maroon / 36 / Vegan Leather; Maroon / 37 / Vegan Leather; Maroon / 38 / Vegan Leather; Maroon / 39 / Vegan Leather; Maroon / 40 / Vegan Leather; Maroon / 41 / Vegan Leather; Rose Antique / 36 / Vegan Leather; Rose Antique / 37 / Vegan Leather; Rose Antique / 38 / Vegan Leather; Rose Antique / 39 / Vegan Leather; Rose Antique / 40 / Vegan Leather; Rose Antique / 41 / Vegan Leather; Slate / 36 / Vegan Leather; Slate / 37 / Vegan Leather; Slate / 38 / Vegan Leather; Slate / 39 / Vegan Leather; Slate / 40 / Vegan Leather; Slate / 41 / Vegan Leather; Taupe / 36 / Vegan Leather; Taupe / 37 / Vegan Leather; Taupe / 38 / Vegan Leather; Taupe / 39 / Vegan Leather; Taupe / 40 / Vegan Leather; Taupe / 41 / Vegan Leather; Ink / 36 / Vegan Leather; Ink / 37 / Vegan Leather; Ink / 38 / Vegan Leather; Ink / 39 / Vegan Leather; Ink / 40 / Vegan Leather; Ink / 41 / Vegan Leather","Handcrafted vegan leather upper, metallic cord braiding, signature dual-density memory foam footbed, anti-slip rubber sole.","Our signature hand crafted 2.25 inch kolhapuri inspired block heel. In a range of subtle and elegant matte shades, it is a perfect match for any attire. Comfortable and light weight, this pair comes with a non skid sole. This style is also available in 3.5 inches, 2.25 inches, and as flats. Size Chart"
"stoffa_7534165393567","PVC High Wedge","High wedges - 3.5 inch",4200,84,105,"Cork / 36 / Vegan Leather; Cork / 37 / Vegan Leather; Cork / 38 / Vegan Leather; Cork / 39 / Vegan Leather; Cork / 40 / Vegan Leather; Cork / 41 / Vegan Leather","Handcrafted vegan leather upper, metallic cord braiding, signature dual-density memory foam footbed, anti-slip rubber sole.","Contemporary and neutral, these PVC¬†high wedges look elegant on your feet and complement any ensemble.¬†Comfortable and light weight, this pair comes with a rubber non skid sole."
"stoffa_7534017773727","Crystal High K Wedge Silver","High wedges - 3.5 inch",4600,92,115,"Silver / 36 / Vegan Leather; Silver / 37 / Vegan Leather; Silver / 38 / Vegan Leather; Silver / 39 / Vegan Leather; Silver / 40 / Vegan Leather; Silver / 41 / Vegan Leather; Champagne / 36 / Vegan Leather; Champagne / 37 / Vegan Leather; Champagne / 38 / Vegan Leather; Champagne / 39 / Vegan Leather; Champagne / 40 / Vegan Leather; Champagne / 41 / Vegan Leather","Handcrafted vegan leather upper, metallic cord braiding, signature dual-density memory foam footbed, anti-slip rubber sole.","Our signature 3.5'' high kolhapuri inspired wedge, rendered beautifully in striking crystal. Choose between champagne or silver to get an elegant and timeless pair of formal wedges that will perfectly complement your festive attire.This style is also available in 4.5 inches, 2 and a quarter inch as well as in flats. Size Chart"
"stoffa_7534007845023","Tassel K Flats Silver","Flats",4000,80,100,"Silver / 36 / Vegan Leather; Silver / 37 / Vegan Leather; Silver / 38 / Vegan Leather; Silver / 39 / Vegan Leather; Silver / 40 / Vegan Leather; Silver / 41 / Vegan Leather; Taupe / 36 / Vegan Leather; Taupe / 37 / Vegan Leather; Taupe / 38 / Vegan Leather; Taupe / 39 / Vegan Leather; Taupe / 40 / Vegan Leather; Taupe / 41 / Vegan Leather; Champagne / 36 / Vegan Leather; Champagne / 37 / Vegan Leather; Champagne / 38 / Vegan Leather; Champagne / 39 / Vegan Leather; Champagne / 40 / Vegan Leather; Champagne / 41 / Vegan Leather","Handcrafted vegan leather upper, metallic cord braiding, signature dual-density memory foam footbed, anti-slip rubber sole.","What's not to love about these braided multi tassel K flats? Intricate craftsmanship and a soft padded base make these flats comfortable all day and night long! You're spoilt for choice with 3 options in Champagne, Silver and Taupe! Fits small in size, take a size bigger than normal. Size Chart"
"stoffa_7533982122143","Classic K Flats Navy","Flats",3900,78,98,"Navy / 36 / Vegan Leather; Navy / 37 / Vegan Leather; Navy / 38 / Vegan Leather; Navy / 39 / Vegan Leather; Navy / 40 / Vegan Leather; Navy / 41 / Vegan Leather; Chocolate / 36 / Vegan Leather; Chocolate / 37 / Vegan Leather; Chocolate / 38 / Vegan Leather; Chocolate / 39 / Vegan Leather; Chocolate / 40 / Vegan Leather; Chocolate / 41 / Vegan Leather; Ink / 36 / Vegan Leather; Ink / 37 / Vegan Leather; Ink / 38 / Vegan Leather; Ink / 39 / Vegan Leather; Ink / 40 / Vegan Leather; Ink / 41 / Vegan Leather; D. Grey / 36 / Vegan Leather; D. Grey / 37 / Vegan Leather; D. Grey / 38 / Vegan Leather; D. Grey / 39 / Vegan Leather; D. Grey / 40 / Vegan Leather; D. Grey / 41 / Vegan Leather","Handcrafted vegan leather upper, metallic cord braiding, signature dual-density memory foam footbed, anti-slip rubber sole.","Our signature Kolhapuri inspired flats in a range of subtle and elegant matte shades is perfect for any attire. Comfortable and light weight, this pair comes with a non-skid sole. This style is ¬† also available in 3.5 inch, 2.1/4 inch and 2 inch block heel. Size Chart"
"stoffa_7533978976415","Crystal High Wedge Matte Silver","High wedges - 3.5 inch",5100,102,128,"Matte Silver / 36 / Vegan Leather; Matte Silver / 37 / Vegan Leather; Matte Silver / 38 / Vegan Leather; Matte Silver / 39 / Vegan Leather; Matte Silver / 40 / Vegan Leather; Matte Silver / 41 / Vegan Leather; Champagne / 36 / Vegan Leather; Champagne / 37 / Vegan Leather; Champagne / 38 / Vegan Leather; Champagne / 39 / Vegan Leather; Champagne / 40 / Vegan Leather; Champagne / 41 / Vegan Leather","Handcrafted vegan leather upper, metallic cord braiding, signature dual-density memory foam footbed, anti-slip rubber sole.","Pair our stylish crystal braided 3.5"" wedges with any formal and festive attire! ¬† The crystal embellishment blends beautifully with classic champagne or with matte silver to give you ¬† 2 elegant options. Also available in a 2.25"" wedge. Size Chart"
"stoffa_7533975175327","Crystal High Wedge Champagne","High wedges - 3.5 inch",5100,102,128,"Champagne / 36 / Vegan Leather; Champagne / 37 / Vegan Leather; Champagne / 38 / Vegan Leather; Champagne / 39 / Vegan Leather; Champagne / 40 / Vegan Leather; Champagne / 41 / Vegan Leather; Matte Silver / 36 / Vegan Leather; Matte Silver / 37 / Vegan Leather; Matte Silver / 38 / Vegan Leather; Matte Silver / 39 / Vegan Leather; Matte Silver / 40 / Vegan Leather; Matte Silver / 41 / Vegan Leather","Handcrafted vegan leather upper, metallic cord braiding, signature dual-density memory foam footbed, anti-slip rubber sole.","Pair our stylish crystal braided 3.5"" wedges with any formal and festive attire! The crystal embellishment blends beautifully with classic champagne or with matte silver to give you 2 elegant options. Also available in a 2.25"" wedge. Size Chart"
"stoffa_7533965803679","Classic K Flats Gold","Flats",3900,78,98,"36 / Vegan Material / Gold; 36 / Vegan Material / Silver; 36 / Vegan Material / Camel; 36 / Vegan Material / Antique gold; 36 / Vegan Material / Black; 37 / Vegan Material / Gold; 37 / Vegan Material / Silver; 37 / Vegan Material / Camel; 37 / Vegan Material / Antique gold; 37 / Vegan Material / Black; 38 / Vegan Material / Gold; 38 / Vegan Material / Silver; 38 / Vegan Material / Camel; 38 / Vegan Material / Antique gold; 38 / Vegan Material / Black; 39 / Vegan Material / Gold; 39 / Vegan Material / Silver; 39 / Vegan Material / Camel; 39 / Vegan Material / Antique gold; 39 / Vegan Material / Black; 40 / Vegan Material / Gold; 40 / Vegan Material / Silver; 40 / Vegan Material / Camel; 40 / Vegan Material / Antique gold; 40 / Vegan Material / Black; 41 / Vegan Material / Gold; 41 / Vegan Material / Silver; 41 / Vegan Material / Camel; 41 / Vegan Material / Antique gold; 41 / Vegan Material / Black","Handcrafted vegan leather upper, metallic cord braiding, signature dual-density memory foam footbed, anti-slip rubber sole.","Our signature hand crafted K flats in 1 inch kolhapuri inspired flats. Metallic shades intermingle to create a classic and versatile pair suitable for any occasion. Comfortable and light weight, this pair comes with a non skid sole. This style is also available in 4.5 inches, 3.5 ¬† inches, 2.25 inches and a 2 inch block heel."
"stoffa_7533691994271","Multi Border High Wedge","High wedges - 3.5 inch",4700,94,118,"Antique / 36 / Vegan Leather; Antique / 37 / Vegan Leather; Antique / 38 / Vegan Leather; Antique / 39 / Vegan Leather; Antique / 40 / Vegan Leather; Antique / 41 / Vegan Leather","Handcrafted vegan leather upper, metallic cord braiding, signature dual-density memory foam footbed, anti-slip rubber sole.","Wear this beautifully designed K wedge with all your festive wear! The 3.5"" heel is delicately adorned with rows of embroidered borders in rich antique. This style is also available in a 2.25"" and 4.5"" wedge. Size Chart"
"stoffa_7533691568287","Gold Hardware Structured Heel Silver","Heels",4700,94,118,"Silver / 36 / Vegan Leather; Silver / 37 / Vegan Leather; Silver / 38 / Vegan Leather; Silver / 39 / Vegan Leather; Silver / 40 / Vegan Leather; Silver / 41 / Vegan Leather; Light Gold / 36 / Vegan Leather; Light Gold / 37 / Vegan Leather; Light Gold / 38 / Vegan Leather; Light Gold / 39 / Vegan Leather; Light Gold / 40 / Vegan Leather; Light Gold / 41 / Vegan Leather","Handcrafted vegan leather upper, metallic cord braiding, signature dual-density memory foam footbed, anti-slip rubber sole.","Put your best foot forward in these uber stylish gold stud wedges. The heel detail makes the pair light and extra comfortable. Choose between classic Silver and Light Gold to get a pair that will stand out with any formal attire."
"stoffa_7490695659679","Classic K Block Heel Rose Antique","Heels",4700,94,118,"Rose Antique / 36 / Vegan Leather; Rose Antique / 37 / Vegan Leather; Rose Antique / 38 / Vegan Leather; Rose Antique / 39 / Vegan Leather; Rose Antique / 40 / Vegan Leather; Rose Antique / 41 / Vegan Leather; Slate / 36 / Vegan Leather; Slate / 37 / Vegan Leather; Slate / 38 / Vegan Leather; Slate / 39 / Vegan Leather; Slate / 40 / Vegan Leather; Slate / 41 / Vegan Leather; Taupe / 36 / Vegan Leather; Taupe / 37 / Vegan Leather; Taupe / 38 / Vegan Leather; Taupe / 39 / Vegan Leather; Taupe / 40 / Vegan Leather; Taupe / 41 / Vegan Leather; Ink / 36 / Vegan Leather; Ink / 37 / Vegan Leather; Ink / 38 / Vegan Leather; Ink / 39 / Vegan Leather; Ink / 40 / Vegan Leather; Ink / 41 / Vegan Leather; Maroon / 36 / Vegan Leather; Maroon / 37 / Vegan Leather; Maroon / 38 / Vegan Leather; Maroon / 39 / Vegan Leather; Maroon / 40 / Vegan Leather; Maroon / 41 / Vegan Leather","Handcrafted vegan leather upper, metallic cord braiding, signature dual-density memory foam footbed, anti-slip rubber sole.","Our signature hand crafted 2.25 inch kolhapuri inspired block heel. In a range of subtle and elegant matte shades, it is a perfect match for any attire. Comfortable and light weight, this pair comes with a non skid sole. This style is also available in 3.5 inches, 2.25 inches, and as flats. Size Chart"
"stoffa_7489579122847","Crystal K Flats Silver","Flats",4100,82,103,"Silver / 36 / Vegan Leather; Silver / 37 / Vegan Leather; Silver / 38 / Vegan Leather; Silver / 39 / Vegan Leather; Silver / 40 / Vegan Leather; Silver / 41 / Vegan Leather; Champagne / 36 / Vegan Leather; Champagne / 37 / Vegan Leather; Champagne / 38 / Vegan Leather; Champagne / 39 / Vegan Leather; Champagne / 40 / Vegan Leather; Champagne / 41 / Vegan Leather","Handcrafted vegan leather upper, metallic cord braiding, signature dual-density memory foam footbed, anti-slip rubber sole.","Our signature Kolhapuri Flats, rendered beautifully in striking crystal. Choose between classic champagne and silver to get an elegant and timeless pair of formal flats that will perfectly complement your festive attire. This style is also available in 4.5', 3.5'', 2.1/4'' and 2'' block heel. Size Chart"
"stoffa_7489577975967","Gold hardware Flats Black","Flats",4000,80,100,"Black / 36 / Vegan Leather; Black / 37 / Vegan Leather; Black / 38 / Vegan Leather; Black / 39 / Vegan Leather; Black / 40 / Vegan Leather; Black / 41 / Vegan Leather; Camel / 36 / Vegan Leather; Camel / 37 / Vegan Leather; Camel / 38 / Vegan Leather; Camel / 39 / Vegan Leather; Camel / 40 / Vegan Leather; Camel / 41 / Vegan Leather","Handcrafted vegan leather upper, metallic cord braiding, signature dual-density memory foam footbed, anti-slip rubber sole.","Dressy gold hardware flats that will stand out in any occasion. This pair is extra padded for your comfort and comes with a non skid sole. Also available in Black / Camel. Size Chart"
"stoffa_7480171528351","Classic K Block Heel Rose Gold","Heels",4700,94,118,"Rose Gold / 36 / Vegan Leather; Rose Gold / 37 / Vegan Leather; Rose Gold / 38 / Vegan Leather; Rose Gold / 39 / Vegan Leather; Rose Gold / 40 / Vegan Leather; Rose Gold / 41 / Vegan Leather; Silver / 36 / Vegan Leather; Silver / 37 / Vegan Leather; Silver / 38 / Vegan Leather; Silver / 39 / Vegan Leather; Silver / 40 / Vegan Leather; Silver / 41 / Vegan Leather; Gold / 36 / Vegan Leather; Gold / 37 / Vegan Leather; Gold / 38 / Vegan Leather; Gold / 39 / Vegan Leather; Gold / 40 / Vegan Leather; Gold / 41 / Vegan Leather; Champagne / 36 / Vegan Leather; Champagne / 37 / Vegan Leather; Champagne / 38 / Vegan Leather; Champagne / 39 / Vegan Leather; Champagne / 40 / Vegan Leather; Champagne / 41 / Vegan Leather; Camel / 36 / Vegan Leather; Camel / 37 / Vegan Leather; Camel / 38 / Vegan Leather; Camel / 39 / Vegan Leather; Camel / 40 / Vegan Leather; Camel / 41 / Vegan Leather; Black / 36 / Vegan Leather; Black / 37 / Vegan Leather; Black / 38 / Vegan Leather; Black / 39 / Vegan Leather; Black / 40 / Vegan Leather; Black / 41 / Vegan Leather","Handcrafted vegan leather upper, metallic cord braiding, signature dual-density memory foam footbed, anti-slip rubber sole.","Our signature hand crafted 2.25 inch kolhapuri inspired block heel. Metallic shades intermingle to create a classic and versatile pair suitable for any occasion. Comfortable and light weight, this pair comes with a non skid sole. This style is also available in 4.5 inches, 3.5 inches, 2 1/4 inches, and as flats. Size Chart"
"stoffa_7480171266207","Classic K Block Heel - Champagne","Heels",4700,94,118,"Champagne / 36 / Vegan Leather; Champagne / 37 / Vegan Leather; Champagne / 38 / Vegan Leather; Champagne / 39 / Vegan Leather; Champagne / 40 / Vegan Leather; Champagne / 41 / Vegan Leather; Silver / 36 / Vegan Leather; Silver / 37 / Vegan Leather; Silver / 38 / Vegan Leather; Silver / 39 / Vegan Leather; Silver / 40 / Vegan Leather; Silver / 41 / Vegan Leather; Gold / 36 / Vegan Leather; Gold / 37 / Vegan Leather; Gold / 38 / Vegan Leather; Gold / 39 / Vegan Leather; Gold / 40 / Vegan Leather; Gold / 41 / Vegan Leather; Rose Gold / 36 / Vegan Leather; Rose Gold / 37 / Vegan Leather; Rose Gold / 38 / Vegan Leather; Rose Gold / 39 / Vegan Leather; Rose Gold / 40 / Vegan Leather; Rose Gold / 41 / Vegan Leather; Camel / 36 / Vegan Leather; Camel / 37 / Vegan Leather; Camel / 38 / Vegan Leather; Camel / 39 / Vegan Leather; Camel / 40 / Vegan Leather; Camel / 41 / Vegan Leather; Black / 36 / Vegan Leather; Black / 37 / Vegan Leather; Black / 38 / Vegan Leather; Black / 39 / Vegan Leather; Black / 40 / Vegan Leather; Black / 41 / Vegan Leather","Handcrafted vegan leather upper, metallic cord braiding, signature dual-density memory foam footbed, anti-slip rubber sole.","Our signature hand crafted 2.25 inch kolhapuri inspired block heel. Metallic shades intermingle to create a classic and versatile pair suitable for any occasion. Comfortable and light weight, this pair comes with a non skid sole. This style is also available in 4.5 inches, 3.5 inches, 2 1/4 inches, and as flats. Size Chart"
"stoffa_7480171135135","Classic K Block Heel Gold","Heels",4700,94,118,"Gold / 36 / Vegan Leather; Gold / 37 / Vegan Leather; Gold / 38 / Vegan Leather; Gold / 39 / Vegan Leather; Gold / 40 / Vegan Leather; Gold / 41 / Vegan Leather; Silver / 36 / Vegan Leather; Silver / 37 / Vegan Leather; Silver / 38 / Vegan Leather; Silver / 39 / Vegan Leather; Silver / 40 / Vegan Leather; Silver / 41 / Vegan Leather; Champagne / 36 / Vegan Leather; Champagne / 37 / Vegan Leather; Champagne / 38 / Vegan Leather; Champagne / 39 / Vegan Leather; Champagne / 40 / Vegan Leather; Champagne / 41 / Vegan Leather; Rose Gold / 36 / Vegan Leather; Rose Gold / 37 / Vegan Leather; Rose Gold / 38 / Vegan Leather; Rose Gold / 39 / Vegan Leather; Rose Gold / 40 / Vegan Leather; Rose Gold / 41 / Vegan Leather; Camel / 36 / Vegan Leather; Camel / 37 / Vegan Leather; Camel / 38 / Vegan Leather; Camel / 39 / Vegan Leather; Camel / 40 / Vegan Leather; Camel / 41 / Vegan Leather; Black / 36 / Vegan Leather; Black / 37 / Vegan Leather; Black / 38 / Vegan Leather; Black / 39 / Vegan Leather; Black / 40 / Vegan Leather; Black / 41 / Vegan Leather","Handcrafted vegan leather upper, metallic cord braiding, signature dual-density memory foam footbed, anti-slip rubber sole.","Our signature hand crafted 2.25 inch kolhapuri inspired block heel. Metallic shades intermingle to create a classic and versatile pair suitable for any occasion. Comfortable and light weight, this pair comes with a non skid sole. This style is also available in 4.5 inches, 3.5 inches, 2 1/4 inches, and as flats. Size Chart"
"stoffa_7480155766943","Crystal Low K Wedge Silver","Low Wedges - 2.5 inch",4300,86,108,"Silver / 36 / Vegan Leather; Silver / 37 / Vegan Leather; Silver / 38 / Vegan Leather; Silver / 39 / Vegan Leather; Silver / 40 / Vegan Leather; Silver / 41 / Vegan Leather; Champagne / 36 / Vegan Leather; Champagne / 37 / Vegan Leather; Champagne / 38 / Vegan Leather; Champagne / 39 / Vegan Leather; Champagne / 40 / Vegan Leather; Champagne / 41 / Vegan Leather","Handcrafted vegan leather upper, metallic cord braiding, signature dual-density memory foam footbed, anti-slip rubber sole.","Our signature 2.1/4'' low kolhapuri inspired low wedge, rendered beautifully in striking crystal. Choose between champagne or silver to get an elegant and timeless pair of formal wedges that will perfectly complement your festive attire.This style is also available in 4.5 inch, 3.5 inch and as well as flats. Size Chart"
"stoffa_7463037304991","Classic Higher K Wedge Champagne","High wedges - 3.5 inch",4900,98,123,"Champagne / 36 / Vegan Leather; Champagne / 37 / Vegan Leather; Champagne / 38 / Vegan Leather; Champagne / 39 / Vegan Leather; Champagne / 40 / Vegan Leather; Champagne / 41 / Vegan Leather; Gold / 36 / Vegan Leather; Gold / 37 / Vegan Leather; Gold / 38 / Vegan Leather; Gold / 39 / Vegan Leather; Gold / 40 / Vegan Leather; Gold / 41 / Vegan Leather; Silver / 36 / Vegan Leather; Silver / 37 / Vegan Leather; Silver / 38 / Vegan Leather; Silver / 39 / Vegan Leather; Silver / 40 / Vegan Leather; Silver / 41 / Vegan Leather; Rose Gold / 36 / Vegan Leather; Rose Gold / 37 / Vegan Leather; Rose Gold / 38 / Vegan Leather; Rose Gold / 39 / Vegan Leather; Rose Gold / 40 / Vegan Leather; Rose Gold / 41 / Vegan Leather","Handcrafted vegan leather upper, metallic cord braiding, signature dual-density memory foam footbed, anti-slip rubber sole.","Our signature 4.5'' high kolhapuri inspired wedge. Metallic shades intermingle to create a classic and versatile pair suited for any occasion. Comfortable and light weight, this pair comes with a rubber non skid sole. This style is also available in 3.5 inches,¬†2 and a quarter inch as well as in flats."
"stoffa_7462799343775","Classic Higher K Wedge Silver","High wedges - 3.5 inch",4900,98,123,"Silver / 36 / Vegan Leather; Silver / 37 / Vegan Leather; Silver / 38 / Vegan Leather; Silver / 39 / Vegan Leather; Silver / 40 / Vegan Leather; Silver / 41 / Vegan Leather; Gold / 36 / Vegan Leather; Gold / 37 / Vegan Leather; Gold / 38 / Vegan Leather; Gold / 39 / Vegan Leather; Gold / 40 / Vegan Leather; Gold / 41 / Vegan Leather; Champagne / 36 / Vegan Leather; Champagne / 37 / Vegan Leather; Champagne / 38 / Vegan Leather; Champagne / 39 / Vegan Leather; Champagne / 40 / Vegan Leather; Champagne / 41 / Vegan Leather; Rose Gold / 36 / Vegan Leather; Rose Gold / 37 / Vegan Leather; Rose Gold / 38 / Vegan Leather; Rose Gold / 39 / Vegan Leather; Rose Gold / 40 / Vegan Leather; Rose Gold / 41 / Vegan Leather","Handcrafted vegan leather upper, metallic cord braiding, signature dual-density memory foam footbed, anti-slip rubber sole.","Our signature 4.5'' high kolhapuri inspired wedge. Metallic shades intermingle to create a classic and versatile pair suited for any occasion. Comfortable and light weight, this pair comes with a rubber non skid sole. This style is also available in 3.5 inches, 2 and a quarter inches and as flats."
"stoffa_7462795968671","Classic Higher K Wedge Rose Gold","High wedges - 3.5 inch",4900,98,123,"Rose Gold / 36 / Vegan Leather; Rose Gold / 37 / Vegan Leather; Rose Gold / 38 / Vegan Leather; Rose Gold / 39 / Vegan Leather; Rose Gold / 40 / Vegan Leather; Rose Gold / 41 / Vegan Leather; Gold / 36 / Vegan Leather; Gold / 37 / Vegan Leather; Gold / 38 / Vegan Leather; Gold / 39 / Vegan Leather; Gold / 40 / Vegan Leather; Gold / 41 / Vegan Leather; Silver / 36 / Vegan Leather; Silver / 37 / Vegan Leather; Silver / 38 / Vegan Leather; Silver / 39 / Vegan Leather; Silver / 40 / Vegan Leather; Silver / 41 / Vegan Leather; Champagne / 36 / Vegan Leather; Champagne / 37 / Vegan Leather; Champagne / 38 / Vegan Leather; Champagne / 39 / Vegan Leather; Champagne / 40 / Vegan Leather; Champagne / 41 / Vegan Leather","Handcrafted vegan leather upper, metallic cord braiding, signature dual-density memory foam footbed, anti-slip rubber sole.","Our signature 4.5'' high kolhapuri inspired wedge. Metallic shades intermingle to create a classic and versatile pair suited for any occasion. Comfortable and light weight, this pair comes with a rubber non skid sole. This style is also available in 3.5 inches,¬†2 and a quarter inches and as flats."
"stoffa_6959134572703","Gold hardware Flats Camel","Flats",4000,80,100,"Camel / 36 / Vegan Leather; Camel / 37 / Vegan Leather; Camel / 38 / Vegan Leather; Camel / 39 / Vegan Leather; Camel / 40 / Vegan Leather; Camel / 41 / Vegan Leather; Black / 36 / Vegan Leather; Black / 37 / Vegan Leather; Black / 38 / Vegan Leather; Black / 39 / Vegan Leather; Black / 40 / Vegan Leather; Black / 41 / Vegan Leather","Handcrafted vegan leather upper, metallic cord braiding, signature dual-density memory foam footbed, anti-slip rubber sole.","Dressy gold hardware flats that will stand out in any occasion. This pair is extra padded for your comfort and comes with a non skid sole. Also available in Black / Camel. Size Chart"
"stoffa_6914364965023","Crystal low K Wedge Light Gold","Low Wedges - 2.5 inch",4300,86,108,"Light Gold / 36 / Vegan Leather; Light Gold / 37 / Vegan Leather; Light Gold / 38 / Vegan Leather; Light Gold / 39 / Vegan Leather; Light Gold / 40 / Vegan Leather; Light Gold / 41 / Vegan Leather","Handcrafted vegan leather upper, metallic cord braiding, signature dual-density memory foam footbed, anti-slip rubber sole.","Match your bridal attire in this shimmering low kolhapuri inspired wedge. Crystals carefully chosen not to get caught in your delicate clothing. Choose between Light Gold and Soft Copper to get an elegant and timeless pair of formal wedges that will perfectly complement your festive attire. This style is also available in a 3.5 inch heel. Size Chart"
"stoffa_6914364571807","Crystal High K Wedge Light Gold","High wedges - 3.5 inch",4600,92,115,"Light Gold / 36 / Vegan Leather; Light Gold / 37 / Vegan Leather; Light Gold / 38 / Vegan Leather; Light Gold / 39 / Vegan Leather; Light Gold / 40 / Vegan Leather; Light Gold / 41 / Vegan Leather","Handcrafted vegan leather upper, metallic cord braiding, signature dual-density memory foam footbed, anti-slip rubber sole.","Match your bridal attire in this shimmering K wedge. Crystals carefully chosen not to get caught in your delicate clothing. Choose between Light Gold and Soft Copper to get an elegant and timeless pair of formal wedges that will perfectly complement your festive attire. This style is also available in a 2 and a quarter inch heel. Size Chart"
"stoffa_6914363916447","Crystal K Flats Champagne","Flats",4100,82,103,"Champagne / 36 / Vegan Leather; Champagne / 37 / Vegan Leather; Champagne / 38 / Vegan Leather; Champagne / 39 / Vegan Leather; Champagne / 40 / Vegan Leather; Champagne / 41 / Vegan Leather; Silver / 36 / Vegan Leather; Silver / 37 / Vegan Leather; Silver / 38 / Vegan Leather; Silver / 39 / Vegan Leather; Silver / 40 / Vegan Leather; Silver / 41 / Vegan Leather","Handcrafted vegan leather upper, metallic cord braiding, signature dual-density memory foam footbed, anti-slip rubber sole.","Our signature Kolhapuri Flats, rendered beautifully in striking crystal. Choose between classic champagne and silver to get an elegant and timeless pair of formal flats that will perfectly complement your festive attire. This style is also available in 4.5', 3.5'', 2.1/4'' and 2'' block heel. Size Chart"
"stoffa_6914363588767","Crystal low K Wedge Champagne","Low Wedges - 2.5 inch",4300,86,108,"Champagne / 36 / Vegan Leather; Champagne / 37 / Vegan Leather; Champagne / 38 / Vegan Leather; Champagne / 39 / Vegan Leather; Champagne / 40 / Vegan Leather; Champagne / 41 / Vegan Leather; Silver / 36 / Vegan Leather; Silver / 37 / Vegan Leather; Silver / 38 / Vegan Leather; Silver / 39 / Vegan Leather; Silver / 40 / Vegan Leather; Silver / 41 / Vegan Leather","Handcrafted vegan leather upper, metallic cord braiding, signature dual-density memory foam footbed, anti-slip rubber sole.","Our signature 2.1/4'' low kolhapuri inspired low wedge, rendered beautifully in striking crystal. Choose between champagne or silver to get an elegant and timeless pair of formal wedges that will perfectly complement your festive attire.This style is also available in 4.5 inch, 3.5 inch and as well as flats. Size Chart"
"stoffa_6717341696159","Gold Hardware Structured Heel Light Gold","Heels",4700,94,118,"Light Gold / 36 / Vegan Leather; Light Gold / 37 / Vegan Leather; Light Gold / 38 / Vegan Leather; Light Gold / 39 / Vegan Leather; Light Gold / 40 / Vegan Leather; Light Gold / 41 / Vegan Leather; Silver / 36 / Vegan Leather; Silver / 37 / Vegan Leather; Silver / 38 / Vegan Leather; Silver / 39 / Vegan Leather; Silver / 40 / Vegan Leather; Silver / 41 / Vegan Leather","Handcrafted vegan leather upper, metallic cord braiding, signature dual-density memory foam footbed, anti-slip rubber sole.","Put your best foot forward in these uber stylish gold stud wedges. The heel detail makes the pair light and extra comfortable. Choose between classic Silver and Light Gold to get a pair that will stand out with any formal attire."
"stoffa_6717341630623","Classic Higher K Wedge Gold","High wedges - 3.5 inch",4900,98,123,"Gold / 36 / Vegan Leather; Gold / 37 / Vegan Leather; Gold / 38 / Vegan Leather; Gold / 39 / Vegan Leather; Gold / 40 / Vegan Leather; Gold / 41 / Vegan Leather; Silver / 36 / Vegan Leather; Silver / 37 / Vegan Leather; Silver / 38 / Vegan Leather; Silver / 39 / Vegan Leather; Silver / 40 / Vegan Leather; Silver / 41 / Vegan Leather; Champagne / 36 / Vegan Leather; Champagne / 37 / Vegan Leather; Champagne / 38 / Vegan Leather; Champagne / 39 / Vegan Leather; Champagne / 40 / Vegan Leather; Champagne / 41 / Vegan Leather; Rose Gold / 36 / Vegan Leather; Rose Gold / 37 / Vegan Leather; Rose Gold / 38 / Vegan Leather; Rose Gold / 39 / Vegan Leather; Rose Gold / 40 / Vegan Leather; Rose Gold / 41 / Vegan Leather","Handcrafted vegan leather upper, metallic cord braiding, signature dual-density memory foam footbed, anti-slip rubber sole.","Our signature 4.5'' high kolhapuri inspired wedge. Metallic shades intermingle to create a classic and versatile pair suited for any occasion. Comfortable and light weight, this pair comes with a rubber non skid sole. This style is also available in 3.5 inches,¬†2 and a quarter inches and as flats."
"stoffa_6717341532319","Crystal Higher K Wedge Silver","High wedges - 3.5 inch",5200,104,130,"Silver / 36 / Vegan Leather; Silver / 37 / Vegan Leather; Silver / 38 / Vegan Leather; Silver / 39 / Vegan Leather; Silver / 40 / Vegan Leather; Silver / 41 / Vegan Leather; Champagne / 36 / Vegan Leather; Champagne / 37 / Vegan Leather; Champagne / 38 / Vegan Leather; Champagne / 39 / Vegan Leather; Champagne / 40 / Vegan Leather; Champagne / 41 / Vegan Leather","Handcrafted vegan leather upper, metallic cord braiding, signature dual-density memory foam footbed, anti-slip rubber sole.","Our signature 4.5'' high kolhapuri inspired wedge, rendered beautifully in striking crystal. Choose between champagne or silver to get an elegant and timeless pair of formal wedges that will perfectly complement your festive attire.This style is also available in 3.5 inch, 2 and a quarter inch as well as flats. Size Chart"
"stoffa_6911470534815","Classic K Block Heel Taupe","Heels",4700,94,118,"Taupe / 36 / Vegan Leather; Taupe / 37 / Vegan Leather; Taupe / 38 / Vegan Leather; Taupe / 39 / Vegan Leather; Taupe / 40 / Vegan Leather; Taupe / 41 / Vegan Leather; Slate / 36 / Vegan Leather; Slate / 37 / Vegan Leather; Slate / 38 / Vegan Leather; Slate / 39 / Vegan Leather; Slate / 40 / Vegan Leather; Slate / 41 / Vegan Leather; Rose Antique / 36 / Vegan Leather; Rose Antique / 37 / Vegan Leather; Rose Antique / 38 / Vegan Leather; Rose Antique / 39 / Vegan Leather; Rose Antique / 40 / Vegan Leather; Rose Antique / 41 / Vegan Leather; Ink / 36 / Vegan Leather; Ink / 37 / Vegan Leather; Ink / 38 / Vegan Leather; Ink / 39 / Vegan Leather; Ink / 40 / Vegan Leather; Ink / 41 / Vegan Leather; Maroon / 36 / Vegan Leather; Maroon / 37 / Vegan Leather; Maroon / 38 / Vegan Leather; Maroon / 39 / Vegan Leather; Maroon / 40 / Vegan Leather; Maroon / 41 / Vegan Leather","Handcrafted vegan leather upper, metallic cord braiding, signature dual-density memory foam footbed, anti-slip rubber sole.","Our signature hand crafted 2.25 inch kolhapuri inspired block heel. In a range of subtle and elegant matte shades, it is a perfect match for any attire. Comfortable and light weight, this pair comes with a non skid sole. This style is also available in 3.5 inches, 2.25 inches, and as flats. Size Chart"
"stoffa_6911469093023","Classic K Block Heel Silver","Heels",4700,94,118,"Silver / 36 / Vegan Leather; Silver / 37 / Vegan Leather; Silver / 38 / Vegan Leather; Silver / 39 / Vegan Leather; Silver / 40 / Vegan Leather; Silver / 41 / Vegan Leather; Gold / 36 / Vegan Leather; Gold / 37 / Vegan Leather; Gold / 38 / Vegan Leather; Gold / 39 / Vegan Leather; Gold / 40 / Vegan Leather; Gold / 41 / Vegan Leather; Champagne / 36 / Vegan Leather; Champagne / 37 / Vegan Leather; Champagne / 38 / Vegan Leather; Champagne / 39 / Vegan Leather; Champagne / 40 / Vegan Leather; Champagne / 41 / Vegan Leather; Rose Gold / 36 / Vegan Leather; Rose Gold / 37 / Vegan Leather; Rose Gold / 38 / Vegan Leather; Rose Gold / 39 / Vegan Leather; Rose Gold / 40 / Vegan Leather; Rose Gold / 41 / Vegan Leather; Camel / 36 / Vegan Leather; Camel / 37 / Vegan Leather; Camel / 38 / Vegan Leather; Camel / 39 / Vegan Leather; Camel / 40 / Vegan Leather; Camel / 41 / Vegan Leather; Black / 36 / Vegan Leather; Black / 37 / Vegan Leather; Black / 38 / Vegan Leather; Black / 39 / Vegan Leather; Black / 40 / Vegan Leather; Black / 41 / Vegan Leather","Handcrafted vegan leather upper, metallic cord braiding, signature dual-density memory foam footbed, anti-slip rubber sole.","Our signature hand crafted 2.25 inch kolhapuri inspired block heel. Metallic shades intermingle to create a classic and versatile pair suitable for any occasion. Comfortable and light weight, this pair comes with a non skid sole. This style is also available in 4.5 inches, 3.5 inches, 2 1/4 inches, and as flats. Size Chart"